true,mu,sigma
0.04595473982005123,0.17255268359330653,0.16544137416844912
0.046292688460268065,0.1724413728948313,0.16477203773203414
0.046633063045938714,0.1724002693694518,0.16410853904528247
0.04697588011642239,0.1722321325183331,0.16345372972492164
0.04732115631092243,0.17189794116689094,0.1628088251735342
0.04766890836889514,0.17145164240112953,0.16217183262699733
0.04801915313045744,0.1708903174686129,0.16154280183275305
0.04837190753679284,0.17018468714174723,0.16092275898278435
0.0487271886305557,0.1695852944887379,0.1603101355747541
0.049085013556274225,0.16887216462802154,0.15970518949735357
0.04944539956075124,0.16810817366665975,0.1591041108948418
0.04980836399346364,0.16723210603154512,0.15851048757712774
0.05017392430695965,0.16646658033906225,0.1579241782862256
0.05054209805725421,0.16583437979649357,0.15734600477015015
0.050912902904222526,0.16506826100904323,0.15677591103864916
0.05128635661199136,0.16442656550308762,0.15621347312287726
0.051662477049328116,0.1639742546310862,0.15566053127566856
0.052041282190027904,0.16362570450623262,0.15511423826705165
0.05242279011329815,0.1631780068743465,0.15457430938686278
0.052807019004140685,0.16288261279918875,0.15404267442203023
0.05319398715373173,0.16270040182132275,0.1535178849103922
0.053583712959798836,0.16267921251088235,0.15300148758148585
0.05397621492699566,0.16278238833223863,0.1524922323264921
0.05437151166727374,0.16305136445263932,0.15199134775032658
0.05476962190025137,0.16320830089595473,0.15149698289618801
0.055170564453579984,0.163512534803444,0.15101031697053208
0.055574358263307116,0.1637136779750728,0.15052965289263312
0.055981022374236515,0.16382277608816415,0.15005440796563
0.05639057594028514,0.16381499458281165,0.14958560559541734
0.056803038224836754,0.16393639176238609,0.14912363160647918
0.0572184286010922,0.1641598185277612,0.14866735092584066
0.057636766552416376,0.16428362708405386,0.14821659141171442
0.058058071672681545,0.1642871365002512,0.14777213867153824
0.058482363666606973,0.16435589773829148,0.14733123135673326
0.05890966235009504,0.16429240084601335,0.1468969212387793
0.059339987650563225,0.16409333892640143,0.14646925094854643
0.059773359607272473,0.16401240574457032,0.14604754602298511
0.060209798371651344,0.1638641337647388,0.14562929045837233
0.060649324207615984,0.16360537755885093,0.1452165771449383
0.06109195749188602,0.16328989964522928,0.14480650250831045
0.061537718714296044,0.16307819250678732,0.14440156972956794
0.061986628478102476,0.1629449734048949,0.1440005057255075
0.062438707500286225,0.16271034446914834,0.14360436093987597
0.0628939766118503,0.16255237533562125,0.14321187038931746
0.0633524567581128,0.16231091348462878,0.14282333961226107
0.0638141689989951,0.16198793760875552,0.14243860901988445
0.06427913450930489,0.16152633690239604,0.14205990477655941
0.06474737457901397,0.16122805836496898,0.1416878491034721
0.06521891061353122,0.16082706557060705,0.14132041014568686
0.06569376413396959,0.16052231534305295,0.1409572508136546
0.06617195677740825,0.1601294954407498,0.14059793669885345
0.0666535102971487,0.15962682703123518,0.14024335239282204
0.06713844656296504,0.1590087382183314,0.13989365073368196
0.067626787561349,0.15825788048471304,0.13954936578488672
0.06811855539574832,0.15761421329094735,0.13920953433774202
0.06861377228679925,0.15710647793355725,0.13887510042730788
0.06911246057255302,0.1567765035224978,0.1385470924286472
0.06961464270869563,0.15629000422462613,0.13822494471001484
0.07012034126876117,0.1558522530789552,0.1379038931770928
0.07062957894433877,0.15551851419688228,0.1375868932649189
0.07114237854527236,0.15529724584348545,0.13727421804680312
0.07165876299985388,0.15522151102977852,0.13696687829329016
0.07217875535500923,0.15528669246449656,0.13666468700916118
0.07270237877647691,0.1552750384256493,0.1363650930855377
0.07322965654897977,0.15512125529732956,0.13607057275352455
0.07376061207638873,0.15485194073264172,0.135780222901167
0.07429526888187915,0.15467183072023033,0.13549292763716464
0.07483365060807948,0.15466238240105004,0.13521126796162206
0.07537578101721186,0.15473979481657565,0.1349324568466718
0.07592168399122451,0.15495994267139984,0.134658470239089
0.07647138353191629,0.15507992603462864,0.13438781554751936
0.07702490376105248,0.15509563152481126,0.13412060850154017
0.07758226892047208,0.15501104523135295,0.13385664203054418
0.07814350337218677,0.15514016389935853,0.13359881828075218
0.07870863159847039,0.1553786096489687,0.13334449047767696
0.07927767820194004,0.15572195544317144,0.1330934440161871
0.0798506679056276,0.1558974870989414,0.1328474994012882
0.08042762555304189,0.1561801189611262,0.13260482774375032
0.08100857610822162,0.15657144557922265,0.13236544310821538
0.08159354465577845,0.15689331767058826,0.13212753047057543
0.08218255640093003,0.15708820814695768,0.13189343735225317
0.0827756366695235,0.15719854036576314,0.13166149577100325
0.08337281090804839,0.1571976515616964,0.13143275380518224
0.08397410468363918,0.15702407682111327,0.1312088845147723
0.08457954368406759,0.15672863279135768,0.1309884912049914
0.08518915371772393,0.15638564562167556,0.13076796361995888
0.08580296071358749,0.1562111884445781,0.13055207969256705
0.08642099072118617,0.1561884258530524,0.13034039577474082
0.08704326991054438,0.15605235292097477,0.13013172732508557
0.08766982457211998,0.15601546102844463,0.12992550657994345
0.08830068111672928,0.15582718746280316,0.12972334791634613
0.08893586607546014,0.15574199819337473,0.12952370883833247
0.08957540609957347,0.15552749298622823,0.12932743984585668
0.09021932796039217,0.15545417454714505,0.12913484064212047
0.0908676585491776,0.15552444816843827,0.12894593569164173
0.09152042487699394,0.15545807763051597,0.1287604946005673
0.0921776540745593,0.15549069353262113,0.12857722206160485
0.09283937339208394,0.15534354170365916,0.1283983617670531
0.09350561019909555,0.15532332372863028,0.1282225654229701
0.09417639198425078,0.15542299265510381,0.1280495746086189
0.09485174635513356,0.15560490336341165,0.12787789480038808
0.0955317010380394,0.15570008245301434,0.12770769487887632
0.09621628387774553,0.15589758151615196,0.1275395779714455
0.09690552283726733,0.15625437666516026,0.12737520284625106
0.09759944599760001,0.15669022995815546,0.12721185477951197
0.09829808155744542,0.15721049285014863,0.1270497486672908
0.09900145783292473,0.15780836547200097,0.12688853485455656
0.09970960325727539,0.15848673706314154,0.12672831801178475
0.10042254638053306,0.15901286320309993,0.126571495068021
0.10114031586919829,0.15945024325554985,0.1264159731777419
0.10186294050588708,0.16000049090343316,0.1262626405440966
0.10259044918896573,0.16065055777097842,0.12611099305734436
0.10332287093216971,0.16116185716355116,0.12596225491373347
0.10406023486420575,0.16155529441103939,0.12581577334683341
0.10480257022833776,0.16182143252121245,0.125671809379688
0.10554990638195573,0.16220395827606932,0.12552999023951117
0.10630227279612744,0.16275483031417506,0.12539166036071725
0.1070596990551333,0.16341235902280535,0.12525508104093674
0.10782221485598327,0.16418062023122734,0.12512036508591434
0.10858985000791624,0.16483150570309255,0.1249877040615625
0.10936263443188152,0.16533645486409893,0.12485788585069134
0.11014059816000198,0.1659328049307861,0.12472911711045136
0.11092377133501873,0.16644005496143777,0.12460127421453296
0.11171218420971732,0.16702963239098853,0.12447403478438777
0.11250586714633475,0.1677150778686736,0.12434794067786188
0.11330485061594767,0.16849670076656967,0.12422297624581517
0.1141091651978409,0.16911981845401258,0.12410097834669273
0.11491884157885628,0.16984834993418435,0.12398040057201538
0.11573391055272202,0.170454866310361,0.12386176605474856
0.11655440301936167,0.1712181879241199,0.123745973488054
0.11738034998418236,0.17209353801585525,0.12363174971945422
0.11821178255734342,0.1730938860728854,0.12351947905502808
0.11904873195300304,0.1739951765538441,0.1234082638641295
0.11989122948854444,0.1749706931885599,0.12329701511067946
0.12073930658378079,0.17579369306760778,0.12318837315650703
0.121592994760138,0.1767576464167535,0.12308202483175273
0.12245232563981599,0.177911892919982,0.12297900717471727
0.12331733094492812,0.17922703878714663,0.12287871150229271
0.12418804249661748,0.18040285495043787,0.12278059299409452
0.1250644922141515,0.18171775852018815,0.12268462173946643
0.12594671211399303,0.1829523666134973,0.12258874188393176
0.1268347343088483,0.18430747908486594,0.1224944341633226
0.12772859100669232,0.18579816698414683,0.12240211115488875
0.1286283145097695,0.18743342166635918,0.12231198475180513
0.12953393721357107,0.1892458811240408,0.1222247542338999
0.13044549160578847,0.19092487501282487,0.12213938581361403
0.13136301026524194,0.19251671293024225,0.12205428444987407
0.13228652586078446,0.19424635136028257,0.12197112063650745
0.13321607115018136,0.19581168366069576,0.12189050458714876
0.13415167897896388,0.19746637676534998,0.12181018973200554
0.1350933822792582,0.1990040508728766,0.12173115259914577
0.13604121406858818,0.20079766819553005,0.12165603396290699
0.1369952074486522,0.20269600429915208,0.12158174567586334
0.13795539560407424,0.20450320874713626,0.12150775859148243
0.13892181180112814,0.2062328051212418,0.1214334731321816
0.13989448938643498,0.20781460593201093,0.12136122527115992
0.14087346178563415,0.2093309997638272,0.12128804363099897
0.14185876250202656,0.2107007119318201,0.12121683614921713
0.14285042511519047,0.21217061249005162,0.12114619134425376
0.14384848327957006,0.21375384221400012,0.12107654566797242
0.14485297072303546,0.2154604504449151,0.12100819394446746
0.14586392124541459,0.21704999652613277,0.12094092675260437
0.14688136871699703,0.21878812076636733,0.12087559242700367
0.14790534707700834,0.22044004277206447,0.1208101907473796
0.14893589033205615,0.22215150282987733,0.12074341107243132
0.14997303255454641,0.22401022282103664,0.12067848252842137
0.15101680788107033,0.2257781512427081,0.1206136278897613
0.15206725051076175,0.22768053398680319,0.1205502648660577
0.15312439470362435,0.22944177120892356,0.12048855236138846
0.1541882747788282,0.2310452336205028,0.12042886990105815
0.15525892511297676,0.23253596144843747,0.12036999142850348
0.1563363801383423,0.23391271875591524,0.12031194222611784
0.15742067434107046,0.23545065455957098,0.12025595212927946
0.15851184225935402,0.236876871001662,0.12020069015014063
0.1596099184815749,0.23840514272466096,0.12014581231057307
0.16071493764441416,0.2400670372781244,0.12009228546348182
0.1618269344309307,0.24162096581927742,0.12003932141184497
0.1629459435686073,0.24304868058646548,0.11998747523653715
0.16407199982736448,0.24438165570824197,0.1199356903743579
0.1652051380175415,0.24565733427659364,0.1198822005879295
0.16634539298784476,0.2470823905648123,0.11983039198090639
0.16749279962326297,0.2484677300719986,0.11977572205337661
0.16864739284294902,0.24974182475710016,0.11972164497828518
0.16980920759806822,0.2511331160774632,0.11966833658077614
0.1709782788696131,0.2523682927641673,0.119616808575233
0.1721546416661838,0.25371669152158915,0.11956589748847639
0.17333833102173457,0.2551953864435514,0.11951609849514103
0.17452938199328613,0.25684438511967145,0.11946833999251685
0.1757278296586025,0.25866662566471277,0.11942266743301873
0.1769337091138344,0.26062815680532025,0.11937830890062698
0.17814705547112653,0.26275382470269204,0.1193358280671126
0.17936790385618995,0.2650475077528898,0.1192952937114387
0.1805962894058397,0.26721979059735407,0.11925554710350088
0.18183224726549593,0.2692998760556035,0.11921558321358498
0.1830758125866498,0.2715830037327163,0.1191781601611453
0.18432702052429345,0.2737538543089238,0.11914121243417566
0.18558590623431404,0.2758356263466765,0.11910389556473391
0.18685250487085056,0.2780316275569045,0.1190670974113804
0.18812685158361564,0.2800603910473099,0.11903215825847303
0.18940898151517985,0.2821954745987893,0.11899746006630345
0.19069892979821898,0.28419581447319375,0.1189638468444381
0.19199673155272556,0.28628374210415847,0.11892976011285962
0.19330242188318203,0.28828380810069176,0.11889520253341737
0.19461603587569767,0.2901836621278641,0.1188606375493418
0.19593760859510792,0.2922095244690985,0.11882688210352041
0.19726717508203556,0.2941294599812679,0.11879330196246621
0.19860477034991558,0.2959252830988102,0.1187604594319592
0.19995042938198157,0.29786767840187406,0.1187289372009504
0.20130418712821374,0.29969988125339625,0.11869770762263902
0.2026660785022505,0.301680580684222,0.11866782737840365
0.20403613837826085,0.30376858241509846,0.11863812826140797
0.20541440158777852,0.3059962299642625,0.11860954643959593
0.20680090291649914,0.30840709222190427,0.11858300654606871
0.2081956771010378,0.31070332148582486,0.11855686397511825
0.2095987588256488,0.31315524054651306,0.11853219771300731
0.21101018271890715,0.3156930337260757,0.11850687986187154
0.21242998335035113,0.3183513199912131,0.11848211871468922
0.21385819522708677,0.3208444373165096,0.11845901671935762
0.21529485279035335,0.32321533317630713,0.11843650998033953
0.2167399904120503,0.32543467902317985,0.11841535373392968
0.21819364239122585,0.327761277160915,0.11839431193245208
0.2196558429505267,0.3302020409717,0.11837360374554506
0.2211266262326085,0.3325767759584736,0.11835129313809828
0.2226060262965089,0.33482651738456154,0.11832962975975848
0.22409407711398063,0.3371651019751336,0.11830738446168576
0.22559081256578645,0.3393852425410561,0.11828558214997213
0.22709626643795566,0.34144474674080555,0.11826529063721665
0.22861047241800125,0.34340221446521757,0.11824489572332672
0.2301334640910996,0.3455048978761419,0.11822565085183488
0.23166527493623046,0.34771778086856253,0.11820656866291096
0.23320593832227876,0.3498563400311693,0.1181862472930569
0.2347554875040988,0.3520749447669932,0.11816493977548156
0.2363139556185391,0.354437781766174,0.1181447370183012
0.23788137568042922,0.3568912345342234,0.11812397562128492
0.23945778057852907,0.3595012237545948,0.11810459234562909
0.24104320307143914,0.36221963780358307,0.11808528194108958
0.24263767578347373,0.36508782843238075,0.11806718643540533
0.24424123120049596,0.3678853893582163,0.11804764187580481
0.24585390166571502,0.37083319858766384,0.11802931294995007
0.24747571937544605,0.3739198428554341,0.11801191838788457
0.2491067163748329,0.37687260726447,0.11799532524420264
0.2507469245535333,0.3797337945528181,0.11797817280100804
0.25239637564136747,0.38271175571883775,0.11796132593355445
0.2540551012039295,0.3855815633784396,0.11794450554843451
0.25572313263816265,0.3883922847559668,0.11792560920892252
0.257400501167898,0.3913047164730865,0.11790651008082856
0.2590872378393567,0.39406159932359963,0.11788870809124247
0.2607833735166174,0.3969670943358091,0.11787204059204671
0.26248893887704666,0.39976245250091674,0.11785544126045938
0.2642039644066953,0.402712913125045,0.11784011523406489
0.26592848039565853,0.4057855766428725,0.11782522052876601
0.2676625169334027,0.40876126206740715,0.11780992677956624
0.2694061039040562,0.4115912440184728,0.11779567732642732
0.2711592709816673,0.41431006691955646,0.11778150901481421
0.27292204762542766,0.41721506283960114,0.11776920680913792
0.2746944630748625,0.4199799709242788,0.11775780040279278
0.27647654634498814,0.42286444090983955,0.11774672550724033
0.278268326221436,0.42568737346594676,0.11773365952107309
0.2800698312555455,0.4283882971059898,0.11772099083692163
0.28188108975942394,0.43095398603416407,0.11770908093170583
0.28370212980097564,0.433659538777537,0.11769804492866726
0.2855329791988998,0.43651946630652033,0.11768822298814553
0.28737366551765825,0.43921937039207837,0.11767973558773798
0.2892242160624123,0.441825251674214,0.1176707012560105
0.2910846578739305,0.4445112107545188,0.11766055191709394
0.2929550177234679,0.44736115613571314,0.11765181270488786
0.29483532210761515,0.45031563072247976,0.11764289691621371
0.2967255972431212,0.4530876230709027,0.11763574305675403
0.29862586906168753,0.4557839169328195,0.11762727016825843
0.30053616320473564,0.4583486121235174,0.1176194345760191
0.3024565050181484,0.46082146966692217,0.1176109529597767
0.3043869195469852,0.4631510215568818,0.11760340364409208
0.30632743153017233,0.46556995344611235,0.11759510812322983
0.3082780653951688,0.4680684405803399,0.11758565554338954
0.3102388452526076,0.470415305968525,0.11757732419044989
0.3122097948909148,0.4726583061884364,0.11756877393458215
0.31419093777090545,0.47501338495672424,0.11756027427740841
0.3161822970203573,0.47742589877213615,0.11754951264335656
0.3181838954285639,0.4799332704587051,0.11753820167519002
0.3201957554408673,0.48250795710652955,0.11752514681811928
0.3222178991531705,0.48492592447015803,0.11751331026357151
0.32425034830643135,0.4872655763989686,0.11750024122541725
0.3262931242811382,0.48975207598151715,0.11748815924374677
0.3283462480917684,0.4920982302046112,0.11747690315808682
0.3304097403812293,0.4946167727589513,0.1174671743660478
0.33248362141528476,0.4969956203124813,0.11745824949455753
0.33456791107696626,0.4993151062832183,0.11744714443314706
0.3366626288609693,0.5015216978369819,0.11743608352392058
0.33876779386803746,0.5038441739705236,0.1174251569970747
0.3408834247993339,0.5061055610284547,0.11741213582150496
0.34300953995080175,0.508232198609995,0.117399777099778
0.3451461572075132,0.5102109782567145,0.11738840165362635
0.34729329403801007,0.51229403748914,0.11737677171219897
0.3494509674886356,0.5145777208188087,0.11736713405645008
0.351619194177858,0.5167889891516303,0.11735595707126802
0.35379799029058856,0.5190976512463178,0.1173442738987384
0.35598737157249294,0.5215036634894865,0.11733207988121545
0.3581873533242996,0.5238267188454333,0.11731880745813236
0.3603979503961025,0.5260744430696102,0.11730411874484589
0.36261917718166364,0.5281712268513624,0.11729045826711945
0.3648510476127127,0.5304812388374076,0.11727895526499031
0.3670935751532475,0.5326515742269875,0.11726820429375341
0.36934677279383427,0.5347549922363568,0.11725562174530908
0.37161065304591084,0.5370499123377634,0.11724484891650348
0.3738852279360927,0.539225593749905,0.11723426067929373
0.37617050900048316,0.5415140203598027,0.11722365504205019
0.37846650727898895,0.5439142834919595,0.11721300036100522
0.380773233309643,0.5461938572760514,0.11720256461898734
0.38309069712293503,0.5486426121191956,0.11719351675497683
0.3854189082361502,0.551258331772332,0.11718581000669459
0.3877578756477198,0.5540021440408998,0.11717852560933403
0.3901076078315824,0.5566064698419609,0.11717196094551935
0.3924681127315583,0.5593816510919366,0.11716680850341626
0.3948393977557378,0.5620640474058947,0.1171609284343343
0.3972214697708855,0.5649062088546629,0.11715623140575647
0.39961433509686134,0.5676319125585039,0.11715161125957742
0.40201799950105876,0.5702727064820371,0.117145947409759
0.4044324681928639,0.5727995177814623,0.11714028131098748
0.40685774581813466,0.5754564636681628,0.11713508095283143
0.4092938364537019,0.5782329727245761,0.11713004522375155
0.4117407436018947,0.5808793278304271,0.11712547296770316
0.4141984701850904,0.5837119105130895,0.11712258340779975
0.41666701854029115,0.5864281232059784,0.1171197589893273
0.4191463904137279,0.5890146587111548,0.11711738230620904
0.4216365869554943,0.5917649712548024,0.1171162605164499
0.42413760871421063,0.5944139031510534,0.11711471184685118
0.42664945563172085,0.5968976459172466,0.11711444627144939
0.42917212703782176,0.5993238411849507,0.11711181482325388
0.4317056216450291,0.6018194127269073,0.11710743367239607
0.4342499375433793,0.6041566442238647,0.11710419017456476
0.43680507219526893,0.6063896016423885,0.11710061660646905
0.43937102243033516,0.6084481795277694,0.11709850311825586
0.44194778444037564,0.6104226063754788,0.11709530073500819
0.4445353537743134,0.6122643613707024,0.11709261975976441
0.4471337253332036,0.6140338439167533,0.1170883228938373
0.4497428933652871,0.6158888961267331,0.11708299297531215
0.4523628514610924,0.6179054766745885,0.1170788615853289
0.4549935925485847,0.6200294406742125,0.11707449785312082
0.4576351088883664,0.6220313723959087,0.11707035481753868
0.4602873920689302,0.6241842897989517,0.11706717633951703
0.46295043300196476,0.6262398986852573,0.11706341250216985
0.46562422191771596,0.6283550670861743,0.11705738113033591
0.46830874836040576,0.6303767992849758,0.1170506181014497
0.4710040011837089,0.6325166614889121,0.11704395408429896
0.47370996854628916,0.6345173424417708,0.11703796515103257
0.47642663790739836,0.6366157380675089,0.11703139789259533
0.47915399602253794,0.6385588339336755,0.11702588095704908
0.48189202893918603,0.6404209453325874,0.11701912263033963
0.48464072199259034,0.6424198734373514,0.11701297268343638
0.4874000598016291,0.6445316711314167,0.11700674984487655
0.49017002626474343,0.6465171499283141,0.11700085136468069
0.4929506045559384,0.6486648189888261,0.11699614226400926
0.4957417771208597,0.6507119797458673,0.11699094370241733
0.4985435256729429,0.6528973137385828,0.11698638024624719
0.5013558311896404,0.6550021085570915,0.11698054601883844
0.5041786739087255,0.6572443485351364,0.11697532557602608
0.5070120333246756,0.6596019615558899,0.11697009998943729
0.5098558881851378,0.6620764946993692,0.1169649151106244
0.5127102164874757,0.6646690573584831,0.11695980302729433
0.5155749954754012,0.6674315583277992,0.11695602555052785
0.518450201635692,0.6701269985874252,0.11695034467963572
0.5213358106949971,0.6729463080981922,0.11694490361581442
0.5242317976167303,0.6759287335714399,0.116940655462981
0.5271381365980553,0.6790334113519457,0.11693659801757647
0.5300548010669625,0.6819638002629259,0.11693395265087982
0.5329817636794392,0.6847717114356606,0.11693150268319934
0.5359189963167365,0.6877240152007611,0.1169298245717704
0.5388664700827311,0.6905842991088548,0.11692732729179175
0.5418241553013871,0.6933587299627872,0.11692376651964685
0.5447920215143164,0.6959705184604724,0.11692138290877474
0.5477700374784418,0.6985341968581417,0.11691602622912066
0.5507581711637618,0.7009884339393204,0.11691046100204656
0.5537563897512203,0.7035386682759632,0.11690422090081422
0.5567646596306826,0.7062638038688023,0.11689939532391362
0.559782946399017,0.7088753964331788,0.11689448734012586
0.5628112148582877,0.7116332253716027,0.11689038485198582
0.565849429014055,0.7142551769245006,0.11688683119331772
0.5688975520737892,0.7169653587318846,0.11688229913362977
0.5719555464453967,0.7195740210803324,0.11687728278940203
0.5750233737358597,0.722098534241567,0.11687111983411995
0.5781009947499921,0.724528181990526,0.11686422966157682
0.5811883694893131,0.7270315061352473,0.11685573062482414
0.5842854571510373,0.7293443978025219,0.11684890957352204
0.5873922161271861,0.7315265806084603,0.1168424899834281
0.590508604003818,0.733571063001851,0.1168366525588115
0.593634577560383,0.7357749500422351,0.11683189979084665
0.5967700927691987,0.7380800509724345,0.11682663859180038
0.5999151047950514,0.7402773081444203,0.1168210925904548
0.6030695679949225,0.7423853425103433,0.11681459016132073
0.6062334359178418,0.7446200196166762,0.11680836857747084
0.6094066613048692,0.7470013330509545,0.11680293796182298
0.6125891960892036,0.7492588056312566,0.11679770609583309
0.6157809913964237,0.7516527840702846,0.11679301359612866
0.6189819975448586,0.7539180159301948,0.11678865402240411
0.6221921640460908,0.7563139647673924,0.11678467955345442
0.6254114396055919,0.7587851691821498,0.116779148177844
0.6286397721234923,0.7611130336226607,0.11677432099570934
0.6318771086954862,0.7635882171345157,0.11677029131671089
0.6351233956138704,0.7659278495819547,0.11676676890027456
0.6383785783687227,0.768169574044021,0.11676260310374444
0.641642601649214,0.7705464086415994,0.11675893105456472
0.6449154093450615,0.773096306929787,0.11675659740004386
0.6481969445481186,0.775561485773955,0.11675310909268971
0.6514871495541055,0.7781562215401506,0.11674996479399948
0.6547859658644791,0.780676991060968,0.11674519555411003
0.6580933341884447,0.7833273755145013,0.11674076971718256
0.6614091944451079,0.786126350970517,0.11673716162915064
0.664733485765769,0.7890581426777847,0.116733980328884
0.6680661464963594,0.7920996732504759,0.11673055102184741
0.6714071142000225,0.795241509178244,0.11672655424534967
0.674756325659835,0.7985033561811381,0.11672262436536454
0.6781137168816743,0.801932439691643,0.11671990856083118
0.6814792230972292,0.8054738262480937,0.1167170228195632
0.684852778767155,0.8088435728250044,0.11671543618452426
0.6882343175843726,0.8120849221867777,0.11671415158441077
0.6916237724775142,0.8155350129171925,0.11671479330309743
0.6950210756145111,0.8191677123534663,0.11671693715953216
0.6984261584063303,0.8226714256580635,0.11671939954981211
0.7018389515108534,0.8260678940987509,0.11672152848852069
0.7052593848369022,0.8295283405219332,0.1167215379992102
0.7086873875484091,0.8328873681459481,0.11672101670736708
0.712122888068734,0.8361367963245956,0.11672023939636444
0.7155658140851248,0.839249420588001,0.11671998762060178
0.7190160925533229,0.8425926049019031,0.11672196344252116
0.7224736497023161,0.8460400406511929,0.11672350615913227
0.7259384110392336,0.8493785451274897,0.11672477184907691
0.729410301354386,0.8529062386626344,0.11672765701789527
0.7328892447264498,0.8563302957181341,0.11673008964686493
0.7363751645277966,0.8595944938505768,0.11673358660361989
0.7398679834299635,0.86273146217261,0.11673735845747778
0.7433676234092675,0.8658254859944242,0.11673777587745403
0.7468740057525634,0.8687862787915865,0.11673863117607523
0.7503870510631414,0.8718929026100807,0.11674023898915417
0.7539066792667677,0.875126341703314,0.11674211203904174
0.7574328096178643,0.8785433161093104,0.11674551148610753
0.7609653607058307,0.8820607837226724,0.11674835409065784
0.764504250461502,0.8854252523982777,0.11675211687281586
0.7680493961637485,0.8886673106089623,0.11675602348479694
0.7716007144462097,0.8920432637626016,0.11676039041924355
0.7751581213041681,0.8955154210009729,0.11676405022548868
0.778721532101556,0.8991047699016645,0.11676770304073211
0.7822908615780992,0.9025852366273903,0.11677108916566425
0.7858660238565929,0.9062065591434301,0.1167751165732217
0.7894469324503111,0.9099455993733947,0.11677915585869278
0.7930335002705474,0.913760076449235,0.1167816450468289
0.7966256396342865,0.9177260605258253,0.11678503017294077
0.8002232622720035,0.9215887941789163,0.11678796493134523
0.8038262793355931,0.9253051714636821,0.11679167837528623
0.8074346014064243,0.9289212410210395,0.11679484078085192
0.8110481385035198,0.9324492738864191,0.11679699289294462
0.8146668000918605,0.9358930063658467,0.11679798364897946
0.8182904950908116,0.9394232619101053,0.11679790420529451
0.8219191318826697,0.9431199728562831,0.11679904444184984
0.8255526183213302,0.9469593671693508,0.11680087848429538
0.8291908617410698,0.950726615676336,0.11680101589260536
0.8328337689654495,0.9543789762984587,0.1168010860181455
0.8364812463163276,0.9581804947149256,0.11680200383877147
0.8401331996229886,0.9621225883521007,0.11680356458987122
0.8437895342313816,0.9662146759348146,0.11680599295053985
0.8474501550134693,0.9701881162026699,0.11680846943970435
0.851114966376682,0.9743026211207707,0.1168116027354429
0.8547838722734797,0.9783066340096364,0.1168145332559819
0.8584567762110166,0.9822158536033986,0.11681671886956972
0.8621335812609069,0.9860296558088687,0.1168181833277769
0.8658141900690914,0.989695625107429,0.11682046952429716
0.8694985048658003,0.9935007373974948,0.11682336812809789
0.8731864274756128,0.9974004900604041,0.11682551846927733
0.876877859327609,1.0011969812451933,0.11682722967332099
0.8805727014656141,1.0051490398392875,0.11682994002265586
0.884270854558531,1.009199787302837,0.11683205193644287
0.8879722189107601,1.0133903869919327,0.11683479716982535
0.8916766944727029,1.0177263341805909,0.11683831022401232
0.8953841808513496,1.0219566911815257,0.11684146667746402
0.8990945773209446,1.0260184209960435,0.116845898491331
0.9028077828337314,1.0302129492606615,0.11685078660627427
0.9065236960307723,1.0345196784357684,0.11685553698469417
0.9102422152528399,1.0386695854561594,0.11686132181541695
0.9139632385513804,1.0429390236328009,0.11686719610474011
0.9176866636995439,1.0471246663166776,0.11687190645895758
0.921412388203281,1.0511800287234758,0.11687701305058716
0.9251403093125009,1.055070694501171,0.11688332595835546
0.9288703240322922,1.0588130225434649,0.11689049050229541
0.9326023291341984,1.0624303195736886,0.1168979114935435
0.9363362211675514,1.0662013769051186,0.11690631149198871
0.9400718964708564,1.0700758489243851,0.11691429923314337
0.943809251183226,1.0741576203163994,0.11692424958321367
0.9475481812558626,1.0780829982851217,0.11693524429467884
0.9512885824635855,1.082100649287553,0.11694543095333658
0.9550303504163998,1.0860290105516404,0.1169546965253836
0.9587733805711027,1.0900885988846847,0.11696440650658647
0.9625175682429296,1.0940840596996204,0.11697206637010416
0.9662628086172305,1.0982164517562854,0.11698032458870523
0.9700089967611798,1.1022514277029924,0.11698797837366366
0.9737560276355134,1.1062101449586657,0.1169941731609134
0.9775037961062902,1.1100429130711795,0.11700067852706357
0.9812521969566784,1.1139572905006723,0.11700596267763573
0.9850011248987592,1.1179741771197704,0.11701082994615057
0.988750474585349,1.1218876780746572,0.1170153118649862
0.992500140621836,1.1258880076202646,0.11701879287008968
0.996250017578026,1.1297381413213352,0.11702320606456101
1.0,1.133658861134866,0.11702590546552484
1.0037499824219738,1.1377246577728835,0.117029419256071
1.0074998593781639,1.1416389196594834,0.11703389871130873
1.011249525414651,1.1456272217505648,0.11703682972855549
1.0149988751012406,1.1495543148850698,0.11703757558864687
1.0187478030433215,1.1533376065686787,0.11703910844160337
1.0224962038937095,1.1572972286059735,0.11704212083550711
1.0262439723644865,1.161160345236581,0.11704451188606471
1.02999100323882,1.1651558038227474,0.11704740169252953
1.0337371913827698,1.1690227206479247,0.11705068849102816
1.0374824317570703,1.172968838889758,0.1170526631070384
1.0412266194288973,1.177042952729191,0.11705502113582093
1.0449696495836003,1.1810001521193556,0.11705744265801848
1.0487114175364145,1.1851165763229663,0.11706100683850368
1.0524518187441374,1.189149672614886,0.1170634380570285
1.056190748816774,1.1933622248993405,0.11706741354079377
1.0599281035291435,1.1974274978294757,0.11707226705711589
1.0636637788324483,1.2014037313134034,0.11707622286437738
1.0673976708658017,1.20546224712961,0.11707900563578023
1.0711296759677078,1.2096337455643331,0.1170817368389278
1.0748596906874992,1.2138975781042287,0.1170837008789735
1.078587611796719,1.2180505646824622,0.11708554673091895
1.082313336300456,1.222031182865163,0.11708880990166612
1.0860367614486197,1.2261598225089616,0.11709297439800467
1.0897577847471602,1.2301718996654638,0.11709720192506268
1.0934763039692277,1.2343758297939444,0.11710320010141952
1.0971922171662687,1.2385055092836683,0.11710767731108727
1.1009054226790556,1.24253942583729,0.11711152312891944
1.1046158191486506,1.2464420552006603,0.11711585789128272
1.1083233055272972,1.2502154251881952,0.11712062794948593
1.1120277810892398,1.2540979993885448,0.11712523663770646
1.1157291454414688,1.2578551791875359,0.11713017598396532
1.1194272985343858,1.2615448682939634,0.11713327751971775
1.123122140672391,1.2651358571046194,0.11713586153701697
1.1268135725243873,1.2686252919969383,0.11713802994109276
1.1305014951341998,1.272233997987824,0.11714035509158832
1.1341858099309086,1.2759503656078954,0.11714247352894225
1.137866418739093,1.2795741608202345,0.11714384985192063
1.1415432237889835,1.2831268731951901,0.11714356690352604
1.1452161277265203,1.2867992188606896,0.11714345295720124
1.148885033623318,1.29030504249919,0.11714465719188702
1.1525498449865306,1.2936438075881305,0.11714719075272635
1.1562104657686183,1.297130808765123,0.11715064680054935
1.1598668003770116,1.3005080360047256,0.11715396802186949
1.1635187536836726,1.3037889088909356,0.11715669186548867
1.1671662310345505,1.3071636707080496,0.11715872725624829
1.17080913825893,1.3104273893704088,0.11716067088802974
1.17444738167867,1.3135499298669182,0.11716337141033299
1.1780808681173303,1.3165549978538018,0.11716618156331493
1.1817095049091886,1.3196640689330519,0.11716866888007726
1.1853331999081393,1.3225945800919463,0.11717271370450316
1.1889518614964802,1.3254140348447618,0.11717667093898622
1.1925653985935758,1.3283596916811269,0.11718099550362064
1.1961737206644067,1.331189729887527,0.11718537790961861
1.1997767377279966,1.333908683956337,0.11718967700356124
1.2033743603657134,1.336533374859001,0.11719331038559822
1.2069664997294527,1.3390800645049659,0.1171956154920558
1.210553067549689,1.3415793013082706,0.11719497290243318
1.2141339761434071,1.3439616417402758,0.11719443098275047
1.2177091384219008,1.3462320109160593,0.11719383648283375
1.221278467898444,1.3483571954405986,0.11719410532868531
1.224841878695832,1.3503754105591512,0.11719415883904749
1.2283992855537902,1.3523289202989275,0.11719224991055849
1.2319506038362515,1.3541414797555846,0.11719110092066423
1.235495749538498,1.3560163372394345,0.11718786331717648
1.2390346392941693,1.357787574243983,0.11718429552513279
1.2425671903821356,1.3596656921903707,0.11718050683936566
1.2460933207332323,1.361640644936056,0.11717614540270226
1.2496129489368586,1.3637907509160607,0.11717327996911556
1.2531259942474364,1.3661108819975467,0.11717181085569034
1.2566323765907326,1.3682943151370455,0.11717098899646557
1.2601320165700365,1.370637790319255,0.11717135886556082
1.2636248354722033,1.3729063774122294,0.11717025451744154
1.26711075527355,1.3750468540128034,0.11716956878234883
1.270589698645614,1.3772512253039881,0.11716687259229375
1.2740615889607663,1.3793854081849193,0.11716248004228591
1.2775263502976837,1.381686377810328,0.11715941633818905
1.2809839074466771,1.383852839362743,0.1171569398632749
1.2844341859148753,1.3861763865898482,0.11715558771847527
1.287877111931266,1.3883966354696597,0.11715388574084824
1.2913126124515908,1.3905073863421575,0.1171520408471574
1.294740615163098,1.392767615499619,0.11715114859064646
1.2981610484891466,1.3951709616186259,0.1171510580901394
1.3015738415936697,1.3977306951884723,0.11715207507471846
1.3049789243854888,1.4001435629152421,0.11715398378181986
1.308376227522486,1.4024519828174529,0.11715558158834109
1.3117656824156274,1.4046642990362104,0.11715657320975266
1.315147221232845,1.4067510173033986,0.11715790973619673
1.318520776902771,1.4086938984676256,0.11716006732834973
1.3218862831183258,1.4105060839933967,0.11716271121373437
1.325243674340165,1.41243373708263,0.11716540337604756
1.3285928857999774,1.4144522762361966,0.1171672945190959
1.3319338535036405,1.416411602741135,0.11716692509637959
1.335266514234231,1.4185500730492338,0.11716812343024965
1.338590805554892,1.4206001214140334,0.11716842461103504
1.3419066658115553,1.4225708123536498,0.11716745079525004
1.3452140341355208,1.4244179743301768,0.11716676604900385
1.3485128504458945,1.4261438285610242,0.11716630588149542
1.3518030554518814,1.427962778005329,0.11716512975773488
1.3550845906549385,1.429667266868313,0.11716397141805392
1.358357398350786,1.4312895970415824,0.11716165752475037
1.3616214216312772,1.432736059763533,0.11716084902898886
1.3648766043861296,1.4340160400331512,0.1171613627846391
1.3681228913045138,1.43541634084122,0.11716207067467095
1.3713602278765078,1.4368885599965522,0.11716116366167562
1.3745885603944084,1.4384074988860112,0.11715725371801537
1.3778078359539092,1.440077562429883,0.11715433559819576
1.3810180024551415,1.441645926690434,0.11715101184724878
1.3842190086035764,1.4433145238442004,0.11714722997781901
1.3874108039107964,1.4451235104817413,0.11714418176866292
1.3905933386951306,1.4467788121972127,0.11714217947281623
1.3937665640821582,1.4485354325941453,0.11713975499813639
1.3969304320050775,1.450440131827723,0.11713824728668817
1.4000848952049487,1.4524373413867828,0.11713599398179268
1.4032299072308014,1.4545354575791851,0.11713330237936405
1.4063654224396172,1.4565195654087792,0.11713060593316255
1.4094913959961821,1.4585937513568248,0.11712706787784737
1.412607783872814,1.460709476224299,0.1171201738159763
1.4157145428489628,1.4626727738643146,0.1171142908027124
1.418811630510687,1.4645562258470004,0.11710714010467883
1.4218990052500078,1.4665774692686875,0.11710064680772261
1.4249766262641403,1.468489679058442,0.11709398123371662
1.4280444535546033,1.470303409740737,0.11708677978877641
1.4311024479262109,1.472224495767143,0.11707934718686389
1.434150570985945,1.4739462308837283,0.11707380214708123
1.4371887851417122,1.4757874221874967,0.11706840199252108
1.440217053600983,1.477536704610491,0.11706221487875695
1.4432353403693174,1.4791422964387342,0.11705681888859866
1.4462436102487797,1.4809200840255716,0.11705282879852319
1.4492418288362383,1.4825404544804284,0.11704994122277056
1.4522299625215582,1.484027908604255,0.11704756910469775
1.4552079784856835,1.4856617194124637,0.11704604778853636
1.458175844698613,1.4874512040686023,0.1170455890994794
1.461133529917269,1.4893528873819832,0.11704504510899688
1.4640810036832634,1.4913428922959446,0.11704356782514751
1.467018236320561,1.4934158795662045,0.117040938555205
1.4699451989330377,1.495358575847595,0.1170387521289801
1.4728618634019446,1.497165714100297,0.11703714712432874
1.4757682023832697,1.4991065232731615,0.11703607394626546
1.478664189305003,1.501208797573266,0.11703618484935358
1.481549798364308,1.5034679535565951,0.11703738200878328
1.4844250045245988,1.5058098767256645,0.11703741652481091
1.4872897835125243,1.5080506684453556,0.1170369944860748
1.4901441118148622,1.5101081154912914,0.11703817935243604
1.4929879666753243,1.5123139089294948,0.11704025908457501
1.4958213260912745,1.5147095986620505,0.11704406034695282
1.4986441688103593,1.5170002214359892,0.11704754243918263
1.501456474327057,1.5191546481571252,0.11705162481192204
1.5042582228791401,1.5211902598091849,0.11705582698232064
1.5070493954440616,1.523082059210049,0.11706082145001259
1.5098299737352565,1.5247639547581118,0.11706785925043055
1.512599940198371,1.5265620347080637,0.11707494176925927
1.5153592780074097,1.5282356282053169,0.11708231557962477
1.5181079710608139,1.52980103414894,0.11708948450189632
1.5208460039774623,1.531501011179029,0.11709722314829152
1.5235733620926015,1.5330132650086667,0.11710666238388219
1.526290031453711,1.5346140005259203,0.11711519080013966
1.5289959988162911,1.5362891530844967,0.11712220898741064
1.5316912516395942,1.5380818237330591,0.11712932708607984
1.5343757780822842,1.540023011507843,0.11713736927212202
1.537049566998035,1.5420876591568387,0.11714569039323787
1.53971260793107,1.5442864997154613,0.11715458675289346
1.5423648911116337,1.5463053117799694,0.11716506357372049
1.5450064074514154,1.5484244426313047,0.11717508903791478
1.5476371485389075,1.5504747117447053,0.11718335572871842
1.550257106634713,1.5524369486698248,0.1171907136972502
1.5528662746667965,1.5542827671844437,0.11719815662696481
1.5554646462256865,1.5562007591575233,0.1172040059031884
1.5580522155596244,1.5582689094243556,0.11721083784580028
1.5606289775696651,1.5602049051995694,0.11721820901257259
1.563194927804731,1.5622524937521556,0.11722552191180605
1.5657500624566207,1.564154536237131,0.11723371551380216
1.568294378354971,1.5661614169768094,0.1172416326778406
1.5708278729621783,1.5680609791540263,0.11724935876369393
1.5733505443682794,1.57005390966436,0.11725640102563745
1.5758623912857894,1.572195372492973,0.11726440283858984
1.5783634130445057,1.5741765392268978,0.11727362777077052
1.5808536095862722,1.5760435243914124,0.11728289090661428
1.583332981459709,1.5777996495239601,0.11729208959812155
1.5858015298149097,1.579683508386113,0.11730172958368842
1.588259256398105,1.581722860304336,0.11731249924889613
1.5907061635462982,1.5838727874687792,0.11732320320345457
1.5931422541818654,1.58581644406319,0.11733597131356456
1.5955675318071363,1.5876998741415054,0.11734657608571976
1.5979820004989413,1.5896959444585361,0.11735719016395564
1.6003856649031387,1.591635143454534,0.11736546051694663
1.6027785302291144,1.5936853965056854,0.1173736946699778
1.6051606022442624,1.595672593159111,0.11737992576653519
1.6075318872684417,1.5975563695910964,0.11738587063969748
1.6098923921684176,1.5995594515256306,0.11739204001132865
1.6122421243522804,1.6017388113226196,0.11739978715362866
1.6145810917638497,1.6037872406784996,0.11740809209887945
1.6169093028770651,1.605685583769362,0.11741743434946186
1.619226766690357,1.6074283900589728,0.11742793923699017
1.621533492721011,1.6093457773806041,0.11743999984641454
1.6238294909995168,1.6111081857588367,0.1174532169975958
1.6261147720639073,1.6130145973368162,0.11746734031784453
1.6283893469540893,1.6150279455732675,0.117481319739668
1.6306532272061658,1.6171302184826997,0.11749450335725453
1.6329064248467526,1.619377107491779,0.11750861922505897
1.6351489523872873,1.621480711455937,0.11752363898198175
1.6373808228183364,1.6237360938182792,0.11753976650844832
1.6396020496038974,1.625901975247873,0.11755513616631874
1.6418126466757006,1.6281550057100493,0.11756965794339028
1.644012628427507,1.6303257528284358,0.11758313382480062
1.6462020097094114,1.6325836652671588,0.11759576969689296
1.648380805822142,1.6349335820109556,0.11760775984430537
1.6505490325113645,1.6374552115555956,0.11762130056992201
1.65270670596199,1.639867017065992,0.1176348332271734
1.6548538427924868,1.6424056285332138,0.11764887384150244
1.6569904600491983,1.6448591899867486,0.1176620048417706
1.659116575200666,1.6471859713482904,0.11767565036969066
1.6612322061319627,1.64940568129375,0.11768921145284311
1.6633373711390307,1.651760519063954,0.11770351994751518
1.6654320889230336,1.6540313064333494,0.11771689126560736
1.6675163785847151,1.6564679554248551,0.11773172676146033
1.6695902596187708,1.658786665829211,0.11774683805940914
1.6716537519082317,1.6609641025053312,0.1177628686478793
1.6737068757188618,1.663240151213638,0.11777854360742644
1.6757496516935686,1.6654489089753362,0.11779253342125534
1.6777821008468294,1.6675434361989028,0.11780670103147253
1.6798042445591328,1.6697009368949625,0.11781896861511393
1.6818161045714362,1.6719745478613761,0.11783147933296749
1.6838177029796426,1.6741680090979716,0.11784291899479726
1.6858090622290947,1.6762590987786576,0.117854157524439
1.6877902051090852,1.6782138550492387,0.11786621925384949
1.6897611547473923,1.680264334701818,0.11787784611811897
1.6917219346048311,1.682401791051437,0.1178887009230621
1.6936725684698277,1.6846075693087916,0.11789794934135205
1.6956130804530147,1.686923814849482,0.11790728345835616
1.6975434949818515,1.689085403034279,0.11791789512685748
1.6994638367952644,1.6910539564170046,0.11793052826748701
1.7013741309383126,1.6930853733924076,0.11794128605826454
1.7032744027568787,1.6949909282864848,0.11795260720295302
1.7051646778923848,1.697013003180927,0.11796421939199507
1.7070449822765321,1.699104624261801,0.1179743042483844
1.7089153421260694,1.701311094845744,0.1179846341857129
1.710775783937588,1.7036689958555022,0.11799618985242617
1.7126263344823416,1.706133709913131,0.11800773641662542
1.7144670208011001,1.7084850352648413,0.11801949100781196
1.7162978701990246,1.7106727940702995,0.11803274564661449
1.7181189102405758,1.712750360321516,0.1180461123935982
1.7199301687444546,1.7148911302260632,0.11805765008097145
1.721731673778564,1.7169071968997869,0.1180697490900175
1.723523453655012,1.7187962936807073,0.118082476820145
1.7253055369251376,1.7208002655241614,0.11809547886855697
1.7270779523745723,1.722723463753821,0.11810750366762701
1.7288407290183327,1.7244968624992336,0.1181207499071347
1.7305938960959437,1.7261027370631048,0.118135605026097
1.7323374830665974,1.7276583053219148,0.11814791748243904
1.7340715196043412,1.729094061467243,0.11816067217171249
1.7357960355933049,1.7306493170741646,0.11817386310048929
1.7375110611229532,1.7320845352933731,0.11818750981779601
1.7392166264833826,1.733366873434824,0.11820247024656198
1.7409127621606433,1.734535419593065,0.11821770246521178
1.7425994988321019,1.7355830019368534,0.11823342952918849
1.7442768673618374,1.736755758362889,0.11824977788968247
1.7459448987960704,1.7380322582540415,0.11826607839409793
1.7476036243586326,1.7392137079421721,0.1182820216112825
1.7492530754464668,1.7404967326231962,0.11829784947123015
1.7508932836251672,1.7416823964392405,0.11831341411979564
1.752524280624554,1.7429653436118677,0.11832871668976506
1.754146098334285,1.7441323017110866,0.1183443926815371
1.7557587687995038,1.7452289777024672,0.11835867124237971
1.7573623242165262,1.7464390631798836,0.11837325025836717
1.7589567969285609,1.7477880507079933,0.1183888573472545
1.7605422194214708,1.7489815658242536,0.11840589070193394
1.7621186243195706,1.7502791728711993,0.11842292850723189
1.7636860443814608,1.75166683905856,0.11843945638157259
1.7652445124959013,1.7529071213653862,0.1184572383258805
1.7667940616777211,1.7539837988397717,0.11847664022594517
1.7683347250637695,1.7548949196983898,0.11849770778012393
1.7698665359089003,1.7558947787602333,0.11851823166025542
1.7713895275819989,1.756803945531733,0.11853829467481905
1.7729037335620441,1.757812659674057,0.11855823562403846
1.7744091874342136,1.758621839700024,0.11858048183395432
1.7759059228860195,1.759321488318702,0.11860296078937066
1.7773939737034914,1.759871404396953,0.11862679278227448
1.7788733737673914,1.7604957037010927,0.11864949227183287
1.7803441570494734,1.760963799554702,0.11867370432289229
1.7818063576087741,1.7613274975926696,0.11869800010811209
1.7832600095879496,1.7615701121984055,0.1187229199686861
1.7847051472096467,1.761892439613121,0.1187469727723696
1.7861418047729132,1.762370449608152,0.11877255266584487
1.7875700166496489,1.7629424196796961,0.11879786248910748
1.7889898172810927,1.7633473327381042,0.118824955412806
1.7904012411743513,1.763856525015283,0.11885216658367131
1.7918043228989624,1.764211673739379,0.11888089617050664
1.7931990970835008,1.7646813389852638,0.1189100963440935
1.7945855984122216,1.7650089597369896,0.11894054587485664
1.795963861621739,1.7654539154643958,0.11897156906124692
1.7973339214977497,1.7660168000772918,0.11900319210478556
1.7986958128717863,1.7664980789088878,0.11903410001454112
1.8000495706180184,1.7670977369157412,0.1190656376272813
1.8013952296500844,1.767538067706308,0.11909886740461544
1.8027328249179646,1.7681028123423819,0.11913292275474838
1.8040623914048919,1.7685540731578986,0.11916748056788552
1.8053839641243021,1.7688542958316906,0.11920357162048328
1.806697578116818,1.769325358613079,0.11924163069800814
1.8080032684472744,1.7697341482878968,0.11927809923887861
1.809301070201781,1.7700074581629823,0.11931574533414167
1.8105910184848202,1.7701779029924583,0.11935358449353867
1.8118731484163844,1.7702640461792567,0.11939090996106043
1.8131474951291495,1.7702323630080237,0.11942893959496537
1.814414093765686,1.7703328155323583,0.11946809640665647
1.8156729794757067,1.770260111182353,0.11950933743379691
1.8169241874133502,1.7703047768647315,0.11955129871034827
1.818167752734504,1.7701900422212293,0.11959508217762009
1.8194037105941605,1.770170144515652,0.11963883422263885
1.82063209614381,1.7700081103136585,0.11968402833313188
1.8218529445288736,1.769952482481946,0.11972963061738756
1.8230662908861657,1.7697799981194677,0.11977599304461825
1.8242721703413975,1.7697372325172647,0.11982350538931891
1.8254706180067137,1.769805435754667,0.11987161352241012
1.8266616689782655,1.7699865099536474,0.11992039135290034
1.8278453583338163,1.770203028803959,0.1199660079353259
1.8290217211303872,1.770272175802961,0.12001327955431537
1.8301907924019318,1.7704855465724505,0.12006214172800844
1.831352607157051,1.7708604143707714,0.12011300507802923
1.832507200376737,1.7711516468870456,0.12016351055554553
1.8336546070121553,1.7715192518266265,0.12021334695641822
1.8347948619824586,1.7717874237472981,0.1202634756998925
1.8359280001726357,1.7721494090921224,0.12031369733574478
1.8370540564313926,1.7723498265960311,0.12036598693150934
1.8381730655690693,1.7724473562435814,0.12041873085186534
1.8392850623555859,1.7726515611845264,0.12047207418358159
1.840390081518425,1.7726872708928203,0.12052767187021375
1.841488157740646,1.772649152730658,0.12058256672665266
1.8425793256589298,1.7727111902480635,0.12063787032656335
1.8436636198616578,1.7725957699493116,0.12069564857955116
1.844741074887023,1.7726049599612628,0.12075466285538557
1.8458117252211717,1.7727535256654317,0.12081533390966394
1.8468756052963757,1.773038941659433,0.12087761104589706
1.8479327494892384,1.7732682835716096,0.1209383261964028
1.8489831921189297,1.7733939682624353,0.12099966214803921
1.8500269674454537,1.7736259440462017,0.12106172590805822
1.8510641096679439,1.7740279269371553,0.12112622656050805
1.8520946529229916,1.7745525024138158,0.12119200997830426
1.853118631283003,1.7751676791125524,0.1212579816673153
1.8541360787545855,1.775657678603753,0.12132534489607316
1.8551470292769645,1.7759825623239534,0.12139511075070403
1.8561515167204299,1.7764714534860435,0.1214672733505632
1.8571495748848097,1.777092054699899,0.1215410648949718
1.8581412374979733,1.777788966393393,0.12161450538386769
1.859126538214366,1.7786377315781983,0.1216901254946848
1.8601055106135653,1.7796109471812576,0.12176722128903847
1.861078188198872,1.7802953173674345,0.12184858068801548
1.8620446043959258,1.780823765753087,0.12193227217537853
1.863004792551348,1.7814674700132178,0.12201721451616415
1.863958785931412,1.7820280583419694,0.12210222272192602
1.8649066177207418,1.7824741124263548,0.12218849906376929
1.8658483210210364,1.782802713214417,0.12227615735038756
1.8667839288498187,1.7832950725298888,0.12236642748316671
1.8677134741392154,1.7836837403736079,0.12245765882108704
1.868636989734758,1.7841771513463947,0.12254991016327724
1.8695545083942116,1.7848209087696931,0.12264453586541267
1.870466062786429,1.7853228607864107,0.12274134678714806
1.8713716854902307,1.7857459017594617,0.12283819860827197
1.8722714089933075,1.786081279445181,0.12293549788056282
1.8731652656911517,1.786487127256905,0.12303247432369793
1.874053287886007,1.7867270080129412,0.12313229580888979
1.8749355077858485,1.787067274174414,0.1232331346326998
1.8758119575033827,1.7875062023152712,0.12333494909911939
1.876682669055072,1.7880766021381809,0.12343883513083752
1.8775476743601838,1.7887376933593107,0.12354342926302643
1.8784070052398623,1.7892906801856607,0.12364941201471596
1.879260693416219,1.7899368145101813,0.1237562494439029
1.8801087705114554,1.7904712780159382,0.12386464599960466
1.8809512680469969,1.7911022204927805,0.12397407672631997
1.8817882174426568,1.7915828721359885,0.12408622204021291
1.8826196500158174,1.7919160344311846,0.12420103956679701
1.8834455969806383,1.7921686813108653,0.12431629211112084
1.884266089447278,1.7925699609332981,0.12443429910793907
1.885081158421144,1.7930589212864056,0.1245531079291611
1.885890834802159,1.7934239200697975,0.12467405037550539
1.8866951493840523,1.7939152541250616,0.12479722532145611
1.8874941328536654,1.7942878683693029,0.12492242601882561
1.8882878157902827,1.7947469379208651,0.12504848135251057
1.8890762286649814,1.7950668123903575,0.12517721777234916
1.8898594018399981,1.7955169790319425,0.12530841674163828
1.8906373655681183,1.7958571805344155,0.12544146435182418
1.891410149992084,1.79606967166978,0.12557695836974941
1.8921777851440167,1.7961608763696635,0.12571473325633312
1.8929403009448666,1.7963390941143365,0.12585355541982812
1.8936977272038724,1.7966315238677608,0.12599449021429507
1.8944500936180442,1.7967983150357234,0.12613793226640674
1.8951974297716623,1.7969319643115846,0.1262792704739911
1.895939765135794,1.797187732408835,0.1264230701135396
1.8966771290678304,1.797301152621969,0.126569944385278
1.8974095508110342,1.797582679967933,0.12672054096494725
1.898137059494113,1.7979467242358875,0.12687219358658935
1.8988596841308016,1.7982062211312706,0.1270258381102763
1.8995774536194672,1.7986272384932562,0.12718316158780082
1.9002903967427245,1.7992038587561334,0.1273440610842943
1.9009985421670752,1.7996756578306043,0.12750706160483677
1.9017019184425548,1.8002745240055544,0.1276729412282663
1.9024005540024,1.8007568248797943,0.12784140208896963
1.9030944771627325,1.8011112363410513,0.12801283819592807
1.9037837161222544,1.8016015374425545,0.12818751929606154
1.9044682989619603,1.8019784101788021,0.12836478325471362
1.9051482536448667,1.8022913969250265,0.12854247791057885
1.9058236080157491,1.8024606409507151,0.12872374538002737
1.9064943898009046,1.8027367722949699,0.12890747405976702
1.907160626607916,1.8030940460755498,0.12909263072082627
1.9078223459254406,1.8033517966501222,0.129280043561705
1.908479575123006,1.8037064888787417,0.12946964697136415
1.9091323414508226,1.8039253472338719,0.12966280050382897
1.9097806720396078,1.8042226943764832,0.12985739980313335
1.9104245939004263,1.8046119176289157,0.13005409270112742
1.91106413392454,1.8050806155036343,0.13025235341296737
1.911699318883271,1.8054088729787579,0.13045445505807546
1.91233017542788,1.8058545410568765,0.13065973551762283
1.9129567300894557,1.8063980553457666,0.13086751250796264
1.9135790092788139,1.8070176672207252,0.13107684195915992
1.9141970392864125,1.8077553753904914,0.13128949644047713
1.9148108462822762,1.8083814862448926,0.13150529210321282
1.9154204563159325,1.809112794654368,0.13172403479087982
1.9160258953163607,1.8099522468875735,0.13194587683940265
1.9166271890919517,1.810694490641459,0.1321704337540976
1.9172243633304764,1.8113364713246094,0.13239787145259815
1.91781744359907,1.8118596891315226,0.1326289132227363
1.9184064553442215,1.8122634290563715,0.1328636274061821
1.9189914238917785,1.8127696175539483,0.1331014383735355
1.919572374446958,1.8131217583667567,0.13334402271537382
1.920149332094372,1.8133671647267096,0.1335899585415338
1.92072232179806,1.813768472235836,0.1338408102574566
1.9212913684015296,1.8143343681852402,0.1340968373082635
1.9218564966278133,1.8147971582512517,0.13435621326372615
1.9224177310795278,1.815122383803487,0.1346201569084469
1.9229750962389474,1.8155415658703307,0.13488716485934374
1.9235286164680838,1.8160728927528214,0.1351580083153965
1.9240783160087753,1.816459271893716,0.13543378035041354
1.9246242189827882,1.8167545535281961,0.13571263305397882
1.9251663493919207,1.8171409261252767,0.13599461424342013
1.925704731118121,1.8176350621666495,0.1362804648188389
1.9262393879236113,1.8182374571430684,0.1365702540253205
1.9267703434510202,1.8189608597455107,0.1368644941033116
1.927297621223523,1.8195382500637283,0.137164008427036
1.9278212446449907,1.8199817547828183,0.1374684970482594
1.928341237000146,1.820297114956182,0.1377778331571589
1.9288576214547277,1.8206909618271412,0.13809003349859283
1.9293704210556613,1.8212200220579402,0.13840741351313665
1.9298796587312388,1.821860334101349,0.13872921291379242
1.9303853572913043,1.822392943546358,0.13905534945721354
1.9308875394274472,1.823026780677029,0.13938561581475445
1.931386227713201,1.8235438962869723,0.13972066927567212
1.9318814446042514,1.823914265831412,0.14006152687185597
1.9323732124386508,1.8241469971871653,0.14040798094731663
1.932861553437035,1.824529049817764,0.14076043032817032
1.9333464897028512,1.8249604570965487,0.14111438296164436
1.9338280432225916,1.8252741343191103,0.1414734461714599
1.9343062358660306,1.8254339415885243,0.14183881194559328
1.9347810893864688,1.8254370552825496,0.14221061787931136
1.935252625420986,1.8253472120396306,0.1425866927927182
1.935720865490695,1.8251126890576252,0.14296899987301193
1.9361858310010047,1.824764566758163,0.143356561468438
1.9366475432418873,1.824563513875315,0.1437505517971283
1.9371060233881499,1.8242446653716606,0.14415007742266087
1.9375612924997136,1.823953191283254,0.14454959338050075
1.9380133715218977,1.8237621861331443,0.14495407057061058
1.938462281285704,1.8234606901301642,0.1453639882054433
1.938908042508114,1.8230263580284147,0.14578021871193164
1.9393506757923837,1.822682407830571,0.1462011268361417
1.9397902016283486,1.8224152380510346,0.14662606232109612
1.9402266403927277,1.8222520803871445,0.1470564198027936
1.9406600123494369,1.8219708394500211,0.14749282890959958
1.941090337649905,1.8215332878887143,0.14793659086328378
1.941517636333393,1.8209924135791118,0.14838593470317385
1.9419419283273185,1.8206075494806078,0.14884276208582334
1.9423632334475835,1.8202916438642147,0.14930350803979064
1.9427815713989078,1.8201302053017034,0.14977183517196435
1.9431969617751632,1.8198215244583418,0.1502476035799289
1.9436094240597148,1.8195705860298552,0.15072671870299778
1.9440189776257635,1.8194064747379424,0.15121101483448576
1.9444256417366927,1.8191659800503406,0.15169997997859996
1.9448294355464197,1.8187585708298755,0.15219722691140944
1.9452303780997486,1.818254105102002,0.15270035824489223
1.9456284883327264,1.8178938390711314,0.15321126754928316
1.9460237850730044,1.8176198613439738,0.1537276518005782
1.946416287040201,1.8174271409876022,0.15424930093183412
1.946806012846268,1.8173206352558129,0.15477655226504183
1.9471929809958592,1.8172616464544527,0.15530687646160563
1.947577209886702,1.8172758158884779,0.15584217986633034
1.9479587178099722,1.8173799964825532,0.1563834848318351
1.9483375229506719,1.8175994121452284,0.15693202980117013
1.9487136433880086,1.81790974794208,0.1574867580404676
1.9490870970957774,1.8179980148480657,0.15805183522490535
1.949457901942746,1.817931336047759,0.1586257701933088
1.9498260756930406,1.8179865237258865,0.15920750345827944
1.9501916360065363,1.8182004845053334,0.15979836512318796
1.9505546004392487,1.818537766006886,0.16039723255215407
1.9509149864437259,1.818950461664781,0.16100180555854438
1.9512728113694444,1.81943976506441,0.16161222572081724
1.951628092463207,1.8197591360595364,0.1622324135831325
1.9519808468695425,1.8199660039685888,0.16286046123046174
1.952331091631105,1.8200215986473283,0.16349789357573866
1.9526788436890776,1.8202114404926082,0.1641442121862294
1.9530241198835774,1.8203180304727151,0.16479712562419904
1.9533669369540614,1.8205237710509372,0.16545757264724723
1.953707311539732,1.8206514168603027,0.16612444328321502
