djokovic_mu,djokovic_mu_carpet,djokovic_mu_clay,djokovic_mu_grass,djokovic_mu_hard,djokovic_sigma,djokovic_sigma_carpet,djokovic_sigma_clay,djokovic_sigma_grass,djokovic_sigma_hard,djokovic_time,djokovic_time_carpet,djokovic_time_clay,djokovic_time_grass,djokovic_time_hard,federer_mu,federer_mu_carpet,federer_mu_clay,federer_mu_grass,federer_mu_hard,federer_sigma,federer_sigma_carpet,federer_sigma_clay,federer_sigma_grass,federer_sigma_hard,federer_time,federer_time_carpet,federer_time_clay,federer_time_grass,federer_time_hard,nadal_mu,nadal_mu_carpet,nadal_mu_clay,nadal_mu_grass,nadal_mu_hard,nadal_sigma,nadal_sigma_carpet,nadal_sigma_clay,nadal_sigma_grass,nadal_sigma_hard,nadal_time,nadal_time_carpet,nadal_time_clay,nadal_time_grass,nadal_time_hard
2.8595622380016477,0.7570197860862654,0.936376466723823,0.5582294519194357,0.6490358088787428,0.5295080031515387,0.5604543893374195,0.2845531896294311,0.3632959116710201,0.27381597746419484,38017,38017,38122,38521,38255,2.9154050698554475,1.089407978264963,0.10516211252143233,0.673270736638232,0.7863083255535648,0.5178870414843826,0.5394710753307802,0.31687630237642994,0.3342693746405426,0.2545926745164518,35980,36575,35980,36309,36029,2.2777879473578846,0.2501491767798957,1.1635329440852586,0.0153668072093313,0.500235400660437,0.6533203678605521,0.5739547756660852,0.3062847317033541,0.34843040320778995,0.25315923911379473,37149,37646,37149,37793,37674
3.1142127552235355,0.797822054980916,0.932117951535743,0.5665185154159822,0.6543769050542609,0.4386639323577973,0.5568388120515732,0.276821919247629,0.33148820964073494,0.26786453713907954,38122,38290,38185,38885,38297,3.011154688286199,1.1209826798899658,0.11331233841929966,0.6732675158325828,0.7895432513753393,0.4734274867518544,0.539161075348856,0.29106921407403136,0.33365808383861156,0.24879374256029063,36029,36918,36183,36316,36064,2.6902963911439137,0.24850940266673904,1.200570063023355,0.014336796088806199,0.4999401848013868,0.5207738353724795,0.5742296912356829,0.2761637825888076,0.3466535697754538,0.25216329365854495,37373,37653,37373,37814,37681
3.143578562565297,0.7936996018025227,0.9304661448808138,0.5666493289096467,0.6635996123797849,0.3965358804382067,0.5613253015022335,0.2726381972031469,0.33090599194627784,0.2583958915524014,38185,38388,38220,38892,38367,3.10420600789421,1.1011379223593025,0.11199839864994295,0.6741995075399138,0.7897999144530095,0.44281412537277687,0.5556292580949376,0.28161751343108027,0.33255990784069916,0.24773182529309742,36064,37282,36267,36330,36071,3.034508277635838,0.24581290508100512,1.2305557410811738,0.005111454190024452,0.5083446104564253,0.41178770454980856,0.5957136614996573,0.2545785453915282,0.31787245803085784,0.23056682291602515,37527,38024,37527,38178,37828
3.1791904084637532,,0.929100252201421,0.5711281393508476,0.6681376039972626,0.36736695178184214,,0.2719283242491284,0.3108011525962979,0.2535910520624227,38220,,38227,39242,38402,3.1163672254500296,,0.11197302425209986,0.7183869645608517,0.7986332495441427,0.4392966296430272,,0.28084030688762474,0.30314029633156836,0.2290112155932919,36071,,36274,36687,36190,3.0514104271081552,,1.2308791524847753,0.00040798938490982974,0.5054169455031082,0.40633672366679413,,0.2536443296956488,0.29307291200748553,0.22665033651206992,37534,,37534,38507,37856
3.1845493207536872,,0.9290293376641361,0.5724528002101549,0.6735568734550772,0.3627642028774471,,0.2707950438091475,0.3100852704893239,0.2487578284091613,38227,,38241,39256,38444,3.3406207167241075,,0.11063115213883098,0.7190874193926823,0.7971792459007764,0.35413685796344135,,0.28014618242076994,0.3026727029656429,0.22694544696165525,36183,,36281,36694,36204,3.3615437054524664,,1.2687310192977332,0.0027449296162318218,0.5041218068884399,0.32571444584720044,,0.23296149980417521,0.2920194272352811,0.22388273937137912,37646,,37695,38521,37877
3.2101233681292367,,0.9424836071769568,0.5834017398898156,0.7057940783839571,0.35805281242129433,,0.2529532908314953,0.29939054987942804,0.23266384636660895,38241,,38458,39606,38577,3.345827002621761,,0.11033786116861807,0.7210459223210817,0.7953844200819211,0.34896493429004033,,0.2785573988686258,0.3022968350069946,0.22506837934473933,36190,,36302,36701,36218,3.3723493850775355,,1.2699947717170526,0.011911974643135387,0.5042283075294437,0.3198601063936049,,0.2321773565594697,0.2905096591334591,0.22121777048018773,37653,,37702,38549,37898
3.237007272135156,,0.9433723089390894,0.5837411953929876,0.7089867055946503,0.35500965094151227,,0.2512809882425951,0.29925825588821553,0.23085724156145473,38255,,38479,39620,38591,3.3399348465798786,,0.11175175276023909,0.8119976668677893,0.7943809224901757,0.3433421063953308,,0.27550101022948403,0.2856398735915752,0.22329760882824662,36204,,36344,37051,36232,3.4192054077337293,,1.2720326255334524,0.09057414731256841,0.5051956230160053,0.3024328453103887,,0.23025426705888202,0.2787542342399068,0.21950420083634695,37674,,37723,38878,37912
3.3422681088963904,,0.9422676787337955,0.6317013556108377,0.719877457046328,0.34907749635126256,,0.2504534190122061,0.2945314377325993,0.22437650978529353,38290,,38493,39970,38647,3.3222945018247265,,0.12957495803282473,0.8141843141984413,0.7955827471327732,0.3403574984198807,,0.2500768545574151,0.2853260837304555,0.2039504242094652,36218,,36631,37058,36372,3.4303452210314087,,1.2716953526826165,0.09527150186012785,0.5192540335210611,0.2985893066012797,,0.22970478763273794,0.2783342293517713,0.20999049064619063,37681,,37730,38892,37989
3.343971982215188,,0.93746439983452,0.6343633970806706,0.7205727118838667,0.3498229297218266,,0.24706748777486484,0.2945540365116146,0.2236056767884473,38297,,38556,39984,38654,3.313989263927097,,0.1294208349128246,0.8162308382687422,0.7962821545217448,0.3384999673072152,,0.24944648143086345,0.28514797901939115,0.20182902725737542,36232,,36638,37065,36386,3.4621539106702195,,1.272654575493793,0.1772734290853954,0.519534141057405,0.2902542500940086,,0.22926077113159876,0.2704484497499638,0.20917499937432207,37695,,37737,39242,37996
3.370234255689667,,0.9355591984198283,0.7141748554795748,0.7351072048791307,0.34828128674430703,,0.22924092313151706,0.2977704776444727,0.21546737361154866,38367,,38822,40334,38731,3.322475796935926,,0.1299491186019159,0.8824743603458993,0.7998401425495735,0.32913927656543596,,0.24825823697769642,0.2841737037542369,0.1975952429470533,36267,,36652,37415,36414,3.4805683380279757,,1.2752211667025497,0.18244186106500343,0.5192730978853568,0.2882640159927009,,0.22866303383743694,0.2701347311150521,0.20853454595107754,37702,,37751,39256,38003
3.38470144999586,,0.9349534532041593,0.7170574684159535,0.7383053036991218,0.34035651326579053,,0.22860476957153347,0.2979999526658911,0.21396762802477418,38388,,38829,40348,38745,3.327002814585452,,0.12995816782125214,0.8840990021442119,0.8016955756041995,0.3262965620055178,,0.24770446659637874,0.28417293650603104,0.19555539859014887,36274,,36659,37422,36428,3.4991793408169625,,1.2844989586237103,0.18667096149653042,0.5177530614123996,0.28548840991687763,,0.22693183640320913,0.2703856187758618,0.20528088467713723,37723,,37807,39277,38045
3.4002023751365327,,0.937018330185908,0.7985312857621545,0.7427560610793118,0.3371219597771704,,0.2269238731731748,0.3091198580003133,0.2121758691459426,38402,,38850,40712,38766,3.3341299068268855,,0.13016218837832838,0.8860016498802485,0.8024384274072048,0.3237998764456985,,0.24724586544608274,0.28430271624011033,0.19458570147297882,36281,,36666,37429,36435,3.4999025522849445,,1.2868685077510333,0.22477038636302804,0.5163944431097918,0.28462075520756763,,0.22673318211976132,0.27366782388050004,0.20487640234749138,37730,,37821,39606,38052
3.4418717393416665,,0.9379426802148874,0.8515976956476274,0.7457153443825973,0.33552890027459475,,0.22592928411908691,0.31741434323798595,0.21120280939948968,38444,,38864,41083,38780,3.3442423122061804,,0.13043300531857047,1.0145784495995358,0.8025366921326511,0.32202867140793406,,0.24682877362956207,0.28763466422646905,0.19370941889761703,36302,,36673,37779,36442,3.5140988189898863,,1.300994482191602,0.2252118057687767,0.5138225249632951,0.2846629700675406,,0.2265653206774027,0.27391944052272715,0.20436438122707629,37737,,37905,39620,38066
3.473899768967136,,0.9385920296542388,0.9092752817191467,0.7490563115794203,0.33292771089846596,,0.22358188489425576,0.3234741807640844,0.21026817773326192,38458,,38913,41447,38794,3.3486553214171426,,0.13324759406588838,1.0189033476127363,0.8022376306232465,0.3208425784441211,,0.2453385920249386,0.28775385360102756,0.19296502631414508,36309,,36715,37793,36449,3.5438875666712826,,1.348684594506187,0.10361450954594636,0.4877440085284621,0.2875138318520928,,0.22239027484355942,0.2824609215073417,0.199772316604821,37751,,38087,40334,38192
3.525776761451795,,0.9371281306005474,0.9627708517404469,0.7976580066509827,0.3318939088952287,,0.22336609936655635,0.3322115106185755,0.19905192777225603,38479,,38920,41811,38941,3.349197385506462,,0.15511292550272704,1.0897716660390644,0.8018322579076074,0.3215818174718389,,0.22996030378251164,0.2936145403508489,0.1922659657120977,36316,,36995,38143,36456,3.6122812469011643,,1.3778005224527012,0.10277158221718664,0.48625051718116247,0.28880597531383156,,0.21902646710404863,0.28237870794603487,0.19939800559897858,37793,,38171,40348,38199
3.53756123815734,,0.9355561273147373,0.9789395348258235,0.803204264388626,0.3342233417605584,,0.22190660278894564,0.34223462435352126,0.19786417385941743,38493,,39004,42182,38955,3.3599378290846915,,0.15549989175947254,1.092596408585939,0.7892470209208938,0.3227850055957543,,0.22875689463412652,0.29380295897798286,0.185716935675006,36330,,37016,38157,36526,3.6232368538062674,,1.3901336329964022,0.02321703800459679,0.484473147880434,0.28630055961937056,,0.21760177292088664,0.28494208853322395,0.1986914169657659,37807,,38206,40698,38213
3.5561295491601386,,0.9337053872999879,0.9702268373449199,0.8188132512870593,0.3377852621404927,,0.21705882757762215,0.3513384263124228,0.19517877005630999,38521,,39185,42546,38990,3.382079570334178,,0.15591815864234695,1.1364901829096774,0.7883089301175156,0.3232669668920804,,0.22850387919200377,0.30009312892967577,0.1850464722284337,36344,,37023,38507,36533,3.634591466706119,,1.4041005271269162,0.02051458835372448,0.48323861337337326,0.28635255996349457,,0.21635662458718943,0.2851256468765397,0.1979703198053258,37814,,38255,40712,38227
3.56423204841362,,0.9345040039946542,1.0099544178692317,0.8207323805400738,0.3405049610319192,,0.2165445078809523,0.35897884750842957,0.19472534538789316,38556,,39199,42910,38997,3.4350937197796165,,0.15758749756620583,1.1369210946208086,0.7872791348553007,0.3191527230133669,,0.2280931458411672,0.30031884681571225,0.1843982806854008,36372,,37037,38521,36540,3.6472259690675286,,1.412272942575297,-0.10147495218792629,0.4786890848274617,0.2868638080256921,,0.21589257179349605,0.2959629059731573,0.1965598662787004,37821,,38276,41069,38262
3.5847459944057096,,0.9339266516604571,1.0099430587481564,0.8292014192329363,0.3417149123500952,,0.21638628686610067,0.35916832210514715,0.19350097398804114,38577,,39207,42917,39018,3.4691816187840154,,0.16078468938932722,1.1358276052784144,0.785212850751801,0.315485561246978,,0.22773504346848614,0.3045807054004702,0.18268524856931345,36386,,37079,38878,36561,3.6534420527942966,,1.4784236718253978,-0.10445947948873689,0.47728529591220115,0.2892792513542642,,0.2131914156329066,0.2964342015971232,0.19565261837750034,37828,,38388,41083,38283
3.603418782053072,,0.9330341250332654,1.0534517612902385,0.8602636773998978,0.34144954285447165,,0.21632100251693423,0.37379807938920656,0.18932300035193708,38591,,39214,43267,39081,3.5708716545511217,,0.17681262244383295,1.1352751603581361,0.7807432461138447,0.30407111724120006,,0.22052250897126927,0.3046291861799123,0.1813006908492838,36414,,37359,38892,36582,3.6316505835672843,,1.4830522609154138,-0.14022617828321987,0.4826837750034076,0.30158200020847054,,0.21303166548485095,0.3080437828237151,0.19223088456437212,37856,,38395,41447,38353
3.628068694893669,,0.9324594747792553,1.055895674434704,0.8666864539595919,0.34280162759760285,,0.21634612291729655,0.37474148537662166,0.18833810761477024,38647,,39228,43281,39095,3.6239212376363237,,0.17909509449272357,1.1084937332709175,0.7779170146251437,0.29756911750455295,,0.21960135898663738,0.3057983798930183,0.1805585037000263,36428,,37380,39256,36596,3.6250732689537117,,1.5194173456310474,-0.123292981334173,0.4819270815295015,0.30755882344857854,,0.21189964233114444,0.3125394652888308,0.1919765345945311,37877,,38451,41797,38360
3.630254980630696,,0.9293880470512684,1.0917840313320961,0.8798616087773339,0.3422818797740649,,0.21701768320188125,0.41009251581884354,0.1865280555268917,38654,,39284,43645,39123,3.650323363580519,,0.17946460611411702,1.0647808402247758,0.7757030484380861,0.29465326260238306,,0.2193798518484055,0.3017014706490438,0.1802266510333487,36435,,37387,39606,36603,3.6358224315596543,,1.5227171526140344,-0.12125452536036779,0.4813638292088398,0.31102520317785537,,0.21182635495087634,0.3126643660115049,0.19174624781657496,37898,,38458,41811,38367
3.6557637746099845,,0.9407817540901563,,0.8832879514095044,0.32674117794464014,,0.21774120985189163,,0.18611403778748675,38731,,39368,,39130,3.6720137199872087,,0.17854814190845902,1.06203764978299,0.7534878097523134,0.29306618758067704,,0.21938194227937413,0.30148386210464506,0.17170173445770204,36442,,37401,39620,36736,3.6454786445454688,,1.5292791021758947,-0.07008417330699361,0.4793113010807586,0.3119194276653115,,0.21193989899674107,0.3197630200155539,0.19104679954275472,37905,,38472,42161,38402
3.676610493430869,,0.9621703465049122,,0.8869535400179759,0.31944846210608707,,0.2170570835696456,,0.18579119286336052,38745,,39556,,39137,3.683406819616656,,0.18074511960582262,1.0053343619132826,0.7522031253517946,0.2936217951395576,,0.21944636631372347,0.2999465348884937,0.17106410209901338,36449,,37443,39984,36743,3.6631503222010404,,1.5372706871088204,-0.07023132511569266,0.4747331588388628,0.31311938705677667,,0.21238543274654098,0.32010293254968025,0.1905238765032004,37912,,38493,42168,38430
3.6981006473963,,0.9639415347364487,,0.8899683593261734,0.3146364579249314,,0.21694969056387334,,0.18551315535521615,38766,,39571,,39144,3.692928397532999,,0.19454380956032782,0.9174909435070862,0.7511611329690098,0.2946703392879004,,0.2193980389532875,0.2956333891926185,0.17048550381981495,36456,,37541,40334,36750,3.9675952693275263,,1.5487552342125097,-0.0697735328245799,0.47046829919531996,0.2966234168198273,,0.21374504584544285,0.3210397351594656,0.19057471223614572,37989,,38535,42182,38444
3.7086086957887496,,0.9637254358652922,,0.8962715481645888,0.31375767386516606,,0.21700786031610547,,0.18528684802904796,38780,,39577,,39158,3.656897179122048,,0.2231547890257155,0.915146599937054,0.7519904934537613,0.29150314007012257,,0.21597432291622135,0.29558950396995765,0.16938352442484056,36526,,37737,40348,36764,3.9916946030154263,,1.576514993653168,-0.006520185563485633,0.44275926082065303,0.2930197014892564,,0.2171114554596836,0.36535558918089645,0.1895849547629113,37996,,38640,42917,38570
3.7294195257806892,,0.963453547704174,,0.9376597197781061,0.31197313973630136,,0.21729658290063122,,0.18206051317562336,38794,,39591,,39297,3.657084908736737,,0.22198456007062048,0.8848199104279357,0.7520182556123146,0.28865762968705666,,0.21579099144528835,0.2952419489027655,0.16793745896082185,36533,,37744,40712,36785,4.004199967062609,,1.6158365842141889,0.03365234887788309,0.44020067120768036,0.292238248265364,,0.21861119955858432,0.3870541489604794,0.18953094880690585,38003,,38822,43281,38577
3.789636120371149,,0.9618570383285981,,0.9378730912853855,0.3073753368442967,,0.21989972389978493,,0.18186694913687276,38822,,39731,,39305,3.6611536448190916,,0.2207767712164145,0.8775660594091446,0.7518788696938508,0.285761000021876,,0.21587349175385107,0.2895919360513213,0.166829649941653,36540,,37751,41069,36806,4.030217442039546,,1.6166513512831835,0.056810150265263634,0.43660456741131226,0.2929946362161943,,0.2185903966647141,0.416983911962965,0.18946180892426534,38024,,38829,43645,38591
3.804625070739191,,0.9776226389300186,,0.9398648999939511,0.3047509761541565,,0.21863546980043236,,0.18163711559324117,38829,,39913,,39319,3.6784532385625,,0.22033101096389632,0.8780460896222528,0.7494430014681875,0.27900801053444946,,0.21623090224658145,0.2894110999803127,0.16622807311501694,36561,,37765,41083,36820,4.05654943396267,,1.6177997023188215,,0.4336174175642265,0.2899292568910178,,0.2186167057640623,,0.1894623658755119,38045,,38843,,38605
3.8856851384491597,,0.9769305009466946,,0.9433025227985626,0.2974167487104456,,0.21859000573356988,,0.18147747324288063,38850,,39928,,39360,3.67058934648249,,0.2239598688207033,0.8499550782686617,0.747073808818061,0.2766789280861409,,0.2173503867927365,0.28782338092927207,0.1661017796319843,36575,,37807,41433,36827,4.057374607186631,,1.6178870209687612,,0.3916627217778117,0.2906512184430548,,0.21887603549141338,,0.18680804485657904,38052,,38864,,38759
3.9442485400822522,,0.9757084934207096,,0.9435640011303879,0.2916120448198148,,0.21871832968324376,,0.1813644488026966,38864,,39935,,39381,3.6634658129677047,,0.23541863253547451,0.8487235221575059,0.7447591363881052,0.2758310693531834,,0.22043340742002673,0.28782070073668203,0.1660467584569371,36582,,37905,41447,36834,4.0532878406389194,,1.6078302152405692,,0.3879005520063543,0.2958913191841399,,0.22025685199081177,,0.18635273386398854,38066,,39004,,38773
4.000811715296716,,0.9739310755471429,,0.953545952673153,0.2874847321499718,,0.2188826299901427,,0.1798497315897905,38885,,39941,,39459,3.6529768963019014,,0.2608690920426125,0.8716112911471913,0.7430557719903769,0.2768405028610479,,0.2233001594829228,0.2858624050838719,0.16606224669326086,36596,,38108,41797,36841,4.029137745852467,,1.6241429899995496,,0.3845924808973936,0.3064715428393853,,0.2180245727509444,,0.18623433799569972,38087,,39185,,38780
4.023958935950347,,0.970680621740543,,0.9520515485347122,0.2856491795363547,,0.21956435269759106,,0.17929479475911764,38892,,39956,,39487,3.6414306621771373,,0.26153443723190145,0.8718161894418444,0.7422886435569229,0.27724465504580587,,0.22333935161379434,0.2858352734444718,0.16610715787153202,36603,,38115,41811,36848,4.030787919003514,,1.623871856108904,,0.3792543544334728,0.30724907337606944,,0.2178849148005621,,0.18627527158868618,38171,,39193,,38794
4.0768955409616305,,0.9645427833272853,,0.9528904538918059,0.28388740027243325,,0.22260869832497207,,0.1788179781646528,38913,,40019,,39508,3.6233573656257048,,0.26196865539468644,0.873259325489676,0.7397737649370849,0.277641899612351,,0.22376769934105892,0.28718061624419394,0.16611685067293216,36631,,38129,42168,36897,4.032409878168872,,1.6231668805596533,,0.3420508111918633,0.30465729705126804,,0.21792029238588326,,0.1834451180141044,38178,,39207,,38934
4.085047824632952,,0.9473544180841075,,0.9529120130998687,0.2842743032106846,,0.2266510418224877,,0.17866409251688126,38920,,40277,,39518,3.6133871056814284,,0.2691158676420365,0.8723446194104579,0.7394603282428288,0.277367671016934,,0.22531755576417173,0.2871430278624942,0.16611826380615305,36638,,38171,42182,36904,4.0396405693625015,,1.6224093437769935,,0.340069577107503,0.30255423683548693,,0.21804869668268034,,0.18321853386471895,38192,,39214,,38941
4.126170955201643,,0.9461917519420034,,0.9515181230607698,0.28833908925624685,,0.22685586062208093,,0.17865392454449364,38941,,40291,,39532,3.604405626733955,,0.3044522218203727,0.8347506230721725,0.7415478936590347,0.2754099729079634,,0.22956235928870108,0.28964663418048175,0.16627603817541964,36652,,38451,42525,36932,4.044729400162021,,1.621778755619374,,0.3372049699245787,0.3008697453214984,,0.21848067804670657,,0.1830174986366507,38199,,39228,,38955
4.170910247413905,,0.9456794574670954,,0.9570990593784808,0.2909538076710849,,0.22707348130446153,,0.1760554613380225,38955,,40299,,39648,3.6024723381578503,,0.3100557832018235,0.8345305508775194,0.7413449197499908,0.27358614918470087,,0.22944540721695586,0.28968847611215925,0.16634609820080626,36659,,38479,42532,36939,4.053952155499733,,1.6073463202136917,,0.3304702564057915,0.2993274711549134,,0.22273208609409265,,0.1826561310545628,38206,,39368,,38997
4.298898436201446,,0.9478209300051339,,0.9569545812150981,0.29369223129069155,,0.22783145132940064,,0.175784752495083,38990,,40320,,39655,3.5996115784013787,,0.31192504811422256,0.8352319613803543,0.7392799274801385,0.27236216044822864,,0.2296329666335248,0.2900216179928983,0.16698200311767095,36666,,38493,42546,36960,4.057494120268486,,1.6200789974913057,,0.32408448990775063,0.3002417129019482,,0.22449598243816496,,0.18047126953755674,38213,,39556,,39081
4.311745472775549,,1.0084737861439845,,0.9560441157528411,0.29444986581774735,,0.2345964296596654,,0.17542813679738914,38997,,40656,,39669,3.6022394182320037,,0.38128343300817186,0.8630368492060936,0.7384486430653588,0.2709030632542617,,0.22775265200804842,0.30128861949243974,0.16720666580501112,36673,,38822,42896,36967,4.077022449497757,,1.619560081888373,,0.3234002043177438,0.3007802615719992,,0.22455978706820515,,0.18028794807901363,38227,,39564,,39088
4.332396696017033,,1.0087308123189762,,0.9554090279389168,0.29597151322648346,,0.23455343864417186,,0.17530621663661664,39004,,40662,,39683,3.59309198254154,,0.38575282164755886,0.8644635079191983,0.7316896562927917,0.2703055479289869,,0.2273752719964084,0.3014749384011731,0.16876757237516626,36687,,38843,42903,37128,4.089699705490944,,1.6188002356101683,,0.3233014864372364,0.3034550106794784,,0.22464974157247852,,0.18013288901899926,38255,,39571,,39095
4.3748349186479185,,1.0080948863366508,,0.952454186880955,0.3018263545373265,,0.23460840025465082,,0.17539107728480682,39018,,40669,,39711,3.5873612124139522,,0.39016371880290385,0.8665682143784343,0.7293454618467419,0.2709139215426071,,0.22728582487710214,0.30209471887851846,0.16778792525027605,36694,,38864,42917,37163,4.103260997236636,,1.6188263831361986,,0.32354134118319094,0.30382770062350445,,0.2247689357584428,,0.1796024318083774,38262,,39577,,39137
4.636661249950851,,1.0061487072070872,,0.9492689723957564,0.3009332195789504,,0.23494219167207167,,0.17553915089461333,39081,,40683,,39745,3.5963932968824075,,0.42445944133980107,0.8919791867560312,0.7292067110045405,0.2716754244230029,,0.22687481153526778,0.3211598078100135,0.16755816127817075,36701,,39004,43260,37170,4.1432728906834555,,1.6184922604063192,,0.32308277281302156,0.304183923413804,,0.22520404177542758,,0.17953324918332572,38276,,39591,,39144
4.693068428960222,,0.9962442102848971,,0.9514662611250839,0.2955718320732771,,0.2381967117583843,,0.17497982868627981,39095,,41012,,39815,3.6127040183257297,,0.4579502842952775,0.8916595106447789,0.7296068881202117,0.2736860616126829,,0.22241864056842905,0.3215730195569318,0.16738745971515032,36715,,39185,43267,37177,4.179445962514533,,1.6105967588615417,,0.32122685032875653,0.30515074167951134,,0.22925060471331257,,0.17971186815612117,38283,,39731,,39158
4.803757515227692,,0.9949978352314413,,0.9522285803527459,0.2830573255397042,,0.23807435044960834,,0.1748263879337329,39123,,41033,,39823,3.6403884003153015,,0.4613656476198435,0.8924231269177982,0.7300748269626615,0.2718465892951151,,0.22173525215028736,0.3227273734871735,0.16723450252307182,36736,,39207,43281,37184,4.673243203878948,,1.637705322141604,,0.30709195793569494,0.28910364694269997,,0.23179685279471648,,0.17879454140004475,38353,,39913,,39297
4.838516059477007,,0.9944548791953842,,0.953433602374814,0.2793868947047731,,0.23811062282856205,,0.17475268141445868,39130,,41040,,39830,3.6532241307082813,,0.4624815896304252,0.9397899881889392,0.7305628497204396,0.2700149333303759,,0.22159338775387719,0.35533205499947085,0.16723055830291297,36743,,39214,43631,37191,4.707189830171636,,1.6382513994412138,,0.3064351735623735,0.2868433702830481,,0.23183882687081267,,0.1786374943900911,38360,,39921,,39305
4.873372312008645,,0.9936517683793712,,0.9597378165975285,0.27697988544152924,,0.2384481618824548,,0.17460217634707031,39137,,41054,,39858,3.66788016874008,,0.46516012052035943,0.939781803733708,0.7414649247570007,0.26889513540434823,,0.22162049844535991,0.3568171037458923,0.16613026217971355,36750,,39228,43645,37261,4.747631176275797,,1.6382576344444655,,0.306650060892152,0.28459323618321425,,0.23191800510203872,,0.17838449028022235,38367,,39928,,39319
4.907134157939294,,0.9878675544464048,,0.9612299544496037,0.27483482731396636,,0.2433349132360787,,0.17459326796150332,39144,,41376,,39865,3.73198941581471,,0.4964221100055356,,0.7408965721696987,0.26608425137194813,,0.22233660891318696,,0.1660133691348903,36764,,39368,,37268,4.859145237382746,,1.6377310463970838,,0.30900236019225347,0.2805289987280878,,0.23220941632162248,,0.17713612363609368,38388,,39941,,39381
4.966524938012429,,0.9846591638866699,,0.9638568950026377,0.27511109575530635,,0.24340839121920324,,0.1747120786828038,39158,,41397,,39882,3.8157252915975723,,0.5447720295889417,,0.7397133842234195,0.2617637724402635,,0.21962423015804425,,0.16546368396959665,36785,,39550,,37303,4.906428918048558,,1.638079721592762,,0.3133254816543662,0.2792824267784101,,0.2327783677831565,,0.1755107184965589,38395,,39956,,39445
5.011256393286556,,0.9839917262348908,,0.965493709603846,0.2769234893904479,,0.24348038307925893,,0.17488189592695885,39185,,41404,,39895,3.894394280618089,,0.5451717397419361,,0.738488250021077,0.25899872992244855,,0.2194820496890237,,0.16540839678514482,36806,,39556,,37310,4.948792858139354,,1.6956888717562484,,0.3146511416228426,0.2784275458219502,,0.23842346978266296,,0.17513838912202298,38402,,40277,,39459
5.054907967175027,,0.9843742477445051,,0.9770791914385947,0.2752696409813039,,0.2437903488963021,,0.17480395767783974,39199,,41419,,40033,3.921483642381419,,0.5465472557240002,,0.737653648883329,0.256783537312476,,0.2193950615626936,,0.16538011103382805,36820,,39571,,37324,5.089452040186685,,1.697312865941005,,0.31805965467811786,0.2721010044928365,,0.2383762881229286,,0.1745090870180152,38430,,40291,,39494
5.067188981975911,,1.0083928747972841,,0.9776072240439425,0.2751929127869712,,0.24716220495571498,,0.17467098881482498,39207,,41740,,40039,3.9187904501191815,,0.5471313151204771,,0.7364278575936952,0.25821930568743046,,0.2194214997139755,,0.16547594785897377,36827,,39577,,37331,5.133135631849869,,1.698415341244852,,0.32088829210148034,0.27078805771837255,,0.23842175905995858,,0.1743088607487955,38444,,40305,,39508
5.0756255783478705,,1.0119272692231533,,0.9788505278089571,0.27547471154922987,,0.24701526732264217,,0.1745337680353209,39214,,41768,,40054,3.916333200853509,,0.5485302111162914,,0.7043316183734171,0.2604426816249746,,0.21969896132262834,,0.16619512863579086,36834,,39591,,37464,5.160555464166986,,1.6988934835137093,,0.3231686663738751,0.2703566424577622,,0.23858648117259584,,0.17424678693576126,38451,,40320,,39518
5.1015752028626915,,1.011470058678388,,0.9813396376990233,0.2764296048667385,,0.24717413422709822,,0.17440557414543081,39228,,41783,,40089,3.920749984788645,,0.5631238713893403,,0.7026700046166365,0.26351329084395514,,0.22325205419275496,,0.16605794961038775,36841,,39731,,37471,5.178382643434995,,1.707299157690121,,0.3267717484647954,0.2710297193253299,,0.23551070912128472,,0.17435946298877522,38458,,40641,,39532
5.118619018593065,,1.0301831017411718,,0.9807739425100032,0.2777875041067041,,0.24923054532765174,,0.17441767200058142,39242,,42104,,40095,3.9365886923898534,,0.5845745837556053,,0.7010931708524882,0.26663413228869837,,0.22492857566762034,,0.16583361246298917,36848,,39913,,37485,5.206222176771384,,1.7068552546666744,,0.3613399488489239,0.2742240982416667,,0.23528089195792565,,0.17442465549507455,38472,,40649,,39648
5.155745695304243,,1.029544159205286,,0.9807404783546467,0.2785068785833547,,0.24895868398282156,,0.17456479192261817,39256,,42132,,40117,4.077912560150357,,0.5871837273268901,,0.700271858981077,0.2686695677698947,,0.2248994333448608,,0.16572695168964105,36897,,39928,,37492,5.223486476279071,,1.7055732714990668,,0.36278933899522803,0.2777332344233447,,0.2349810200953693,,0.17435193777279248,38493,,40662,,39655
5.196839903437964,,1.0272604764096958,,0.9796228621246841,0.2806467245978609,,0.248992963097506,,0.17464689142262083,39284,,42146,,40123,4.1026486946563185,,0.5892376571687703,,0.6988931505637426,0.26710105751160357,,0.22501673082104778,,0.16543743354509646,36904,,39941,,37527,5.21167525777259,,1.704876930065422,,0.3660747298921037,0.2799696767586641,,0.23492052673869104,,0.174294833383834,38507,,40669,,39669
5.247546746825816,,1.0212084249954752,,0.9631327098769464,0.27960328766926446,,0.2487035870138023,,0.17550380539119442,39297,,42468,,40194,4.165949986893152,,0.5891136097127562,,0.6974779945349243,0.2651989797487209,,0.22545463829170223,,0.16542846483801843,36918,,39956,,37534,5.232915957730112,,1.7044194841773381,,0.36878444141218675,0.28115806649135133,,0.23496516683963742,,0.17445056857212907,38521,,40683,,39683
5.255778166963016,,1.0230869779421592,,0.958805878423462,0.28198100999949155,,0.2483279397471593,,0.17559152124383817,39305,,42489,,40215,4.202627792469539,,0.5719191708560887,,0.6942845231671723,0.26328854203237767,,0.2302493448026971,,0.16562439792946654,36932,,40291,,37548,5.282467790712168,,1.6884031653095184,,0.3818629186009854,0.28282295689468107,,0.22982161300075815,,0.17499123809375214,38535,,41012,,39745
5.291197449646089,,1.0218646234414202,,0.9562291722665888,0.28679008051460214,,0.24833284745209058,,0.1757147077406386,39319,,42496,,40229,4.218151332988205,,0.5715512751979641,,0.692376498342629,0.2627138179567367,,0.2302228874997245,,0.1657986236736591,36939,,40299,,37555,5.328250187673608,,1.6871329386589815,,0.4033536863486883,0.2852535928841138,,0.22952716022425437,,0.17468045087181078,38549,,41020,,39816
5.341512201955517,,1.020736832161142,,0.9518854653264673,0.30213641509461875,,0.2486356185839486,,0.17606629626654863,39360,,42510,,40246,4.227305011129861,,0.5711530702806586,,0.6782065759783065,0.2662480290889076,,0.23026644628532722,,0.16692149520586502,36960,,40305,,37618,5.37344737425197,,1.684646144027959,,0.40697724043789846,0.2921421512748076,,0.2291587845136502,,0.17458438719727007,38570,,41033,,39830
5.343922280135252,,0.9887961413064545,,0.9492952253752578,0.30408343484223144,,0.25389671586802165,,0.1764166728222592,39368,,42839,,40259,4.234550336511682,,0.570200424805155,,0.6769512897087347,0.26665863401056006,,0.2306608346007887,,0.1669777474681508,36967,,40320,,37625,5.376895562310887,,1.6838291535435883,,0.4094446345103902,0.29619098622658063,,0.2290179251913862,,0.17467455837215543,38577,,41040,,39851
5.343470508700764,,0.9874158479294985,,0.9429289888311354,0.31012348704783865,,0.2541236187062345,,0.17638968983003475,39381,,42860,,40397,4.26113574745532,,0.5722771390089355,,0.6762256460838454,0.2699867354220467,,0.2349359155668143,,0.1670539527416791,36995,,40641,,37632,5.402390300699559,,1.6813560909083167,,0.4135250385884657,0.30392067152981783,,0.22893378376717402,,0.1749248471373739,38591,,41054,,39882
5.456100349158885,,0.9852996685416614,,0.9432131777455567,0.31094765631397986,,0.25430758630616307,,0.17628576851136113,39459,,42867,,40403,4.27333180477618,,0.5732030326112332,,0.6768470983234991,0.27002274608419113,,0.2348765346175025,,0.16760758154537625,37016,,40662,,37660,5.437474024043357,,1.6228782630705867,,0.4126965340881332,0.31166034991560204,,0.22512603594756175,,0.17522289874912755,38605,,41307,,39895
5.430631939802883,,0.9825142405705327,,0.9447159425803004,0.30549925784300075,,0.2550632315313369,,0.17615407371063024,39487,,42881,,40418,4.280449352064988,,0.5728706698818326,,0.6756497155430619,0.2705151416842047,,0.2349498186823485,,0.16778875150879247,37023,,40669,,37667,5.489846722320331,,1.6229588979847804,,0.4203747174840479,0.32988067617297684,,0.22496801866447316,,0.17582160111167744,38640,,41314,,40033
5.440365344174984,,0.9522051580614052,,0.9460107366842592,0.29751703754248837,,0.2720373618163048,,0.17632346887544523,39508,,43203,,40453,4.310816283282475,,0.5730149538013943,,0.674937685375548,0.27048970449795795,,0.23523590871044486,,0.16809927946333714,37037,,40683,,37674,5.592576996199008,,1.6298850660318234,,0.42049394193299094,0.31514166375730157,,0.22361361446990952,,0.1757348974667977,38759,,41376,,40039
5.446140723923321,,0.9509839990174213,,0.9451361963663018,0.29431143332488346,,0.2724479866610649,,0.17637763473133963,39518,,43211,,40459,4.325110769130067,,0.560443513257128,,0.6726018535820755,0.27201602893435267,,0.24119073323340418,,0.1688062263703002,37051,,41033,,37688,5.611769900162429,,1.6310128615271922,,0.4211988066207739,0.307474934680486,,0.22348481922035515,,0.175631488468044,38773,,41384,,40054
5.426653858520788,,0.9499289464304905,,0.9441432459377491,0.29317439173183324,,0.2732224014130497,,0.17681333079151382,39532,,43224,,40481,4.337064805066244,,0.5584177554090578,,0.6716911221026048,0.2730808183737923,,0.2412670674129904,,0.169207634337479,37058,,41040,,37695,5.60647156383169,,1.632516933585706,,0.42263534722951146,0.3056244867461465,,0.2233399004516498,,0.17565336496895392,38780,,41397,,40089
5.435616845870266,,0.9484444520427375,,0.943718607130413,0.2872237370074233,,0.2737457805394286,,0.176976720551144,39556,,43231,,40487,4.346420826375034,,0.5550653819140827,,0.6610930285825383,0.2748715774331991,,0.24157322109343615,,0.17547307130664652,37065,,41054,,37835,5.600646593335722,,1.6326962110189163,,0.4226548754785627,0.30700373126073366,,0.22331546941253838,,0.1756850019855295,38794,,41404,,40095
5.451522620955975,,0.9464160789614557,,0.9499515129994632,0.28382431206747954,,0.275077004334394,,0.17828521660247337,39571,,43245,,40558,4.347307426772541,,0.49085344189634433,,0.6601651439320065,0.2827585723646309,,0.24535559399606935,,0.17565737640971862,37079,,41397,,37842,5.627563212538456,,1.6325338354903214,,0.42440545943935126,0.3053741932054187,,0.22342265871399555,,0.17609652117216654,38822,,41419,,40123
5.449052130773453,,0.9556844403583684,,0.9481493674306036,0.2833279801028056,,0.3091001214961263,,0.1787609561953347,39577,,43567,,40593,4.333829766127097,,0.4887632159812467,,0.6596471754362915,0.2969940535349511,,0.24531737960252553,,0.17606768996890587,37128,,41404,,37856,5.6275951492128335,,1.6175394868781214,,0.4314524440398646,0.3046588325978852,,0.2216855254786444,,0.17683254279815858,38829,,41685,,40180
5.438780006766062,,0.9559219747445709,,0.9456207607201655,0.2827726385432168,,0.3113964940974461,,0.1790286540398468,39591,,43588,,40610,4.314667165671041,,0.48401732962487237,,0.661123596168652,0.29387798317466163,,0.24553022329593222,,0.17723278596305767,37163,,41419,,37898,5.622630644296726,,1.6128473187431402,,0.43429532837983786,0.3028240008277014,,0.21969683412671456,,0.17700058383571243,38843,,41740,,40194
5.42049283124902,,0.9534647085347565,,0.9432301857607925,0.28229884374032366,,0.31232461986753196,,0.17939764289402543,39606,,43595,,40623,4.318577822469071,,0.46985433504227525,,0.658729678584759,0.2918534656543601,,0.24727826286292245,,0.17773332786983004,37170,,41468,,37912,5.591247993405702,,1.6124535104421185,,0.4459407604355162,0.3002107993901266,,0.21943065122745498,,0.17758909562443523,38864,,41748,,40246
5.40536220365127,,,,0.9288849340126306,0.28447621232929615,,,,0.18122161525778877,39620,,,,40761,4.327463864017489,,0.46762691103613935,,0.6580738785392707,0.290989862815968,,0.24765118849851492,,0.17800656804864567,37177,,41475,,37919,5.552511314977949,,1.6135506707291118,,0.4471823732402812,0.29879058555995214,,0.21911484303198334,,0.17790494111008262,38878,,41761,,40259
5.409820878886356,,,,0.9279002764491107,0.2826028837046513,,,,0.18121946424289068,39648,,,,40767,4.3431638725065715,,0.43121120962493514,,0.6590855955533907,0.29026431569785544,,0.25851689413517215,,0.18039831064348053,37184,,41740,,38003,5.53208612694263,,1.6132449300005245,,0.46608058450201684,0.29900837916057804,,0.2190268214418337,,0.1795206837797892,38892,,41768,,40397
5.411390843290311,,,,0.9265321261687215,0.2815430659908252,,,,0.18136794837630812,39655,,,,40782,4.352782631795091,,0.42354376277243555,,0.6581479208089046,0.29272914388746896,,0.25995515675461256,,0.1810832642950788,37191,,41768,,38031,5.413795699075928,,1.6128527180943504,,0.4675383278967727,0.29868808428203075,,0.21905743570281822,,0.17951754159034458,38934,,41783,,40403
5.402988946282825,,,,0.915411842336697,0.28199865947384933,,,,0.18195757360203849,39669,,,,40845,4.518227680822606,,0.4202423880303591,,0.6584440352861037,0.2823778117065406,,0.26081766457620836,,0.18145749692550198,37261,,41783,,38045,5.398912048721029,,1.5800982728920872,,0.4727121774234642,0.2985018289146224,,0.2168469978671068,,0.179612258155158,38941,,42049,,40418
5.396834025320626,,,,0.9146086114171059,0.2856606203012129,,,,0.18199780132976318,39683,,,,40852,4.517087443918177,,0.3932772393912249,,0.6575465554836265,0.27983835181338346,,0.2772667730344794,,0.18169138462550335,37268,,42104,,38052,5.376826550131365,,1.579231731554461,,0.4789688551907964,0.30239379757352053,,0.21668416623332454,,0.18009445883883576,38955,,42056,,40446
5.3518570691909915,,,,0.91495624378831,0.29553368521126455,,,,0.18190696026325467,39711,,,,40922,4.516742630279503,,0.39237421588094956,,0.655666537856265,0.2758591158024984,,0.2779285979967014,,0.18242847334822979,37282,,42119,,38066,5.318911677347463,,1.5783684244355447,,0.4809865891099453,0.3129796558400268,,0.2159642434085604,,0.1802259167390069,38997,,42104,,40453
5.321654878283714,,,,0.9094870305918955,0.3016851185018068,,,,0.18162447362433895,39731,,,,40964,4.530381562536959,,0.3916143472198076,,0.6555978958849505,0.26855759953919434,,0.27828226743527507,,0.18665166998261704,37303,,42125,,38192,5.316564749965064,,1.5775279391159476,,0.4821822127117582,0.31371375573976434,,0.21591258006042674,,0.18040678095431398,39004,,42112,,40459
5.318792989843903,,,,0.9081755235738674,0.3054568144975318,,,,0.18155218922989003,39745,,,,40974,4.525370356515448,,0.39013883211668654,,0.6547952107931555,0.2668977630190817,,0.2787370701368361,,0.18680565724784054,37310,,42132,,38199,5.4573991822558385,,1.5772738930001677,,0.5086708483626619,0.3008704865042871,,0.21594307312938585,,0.18223219460623513,39081,,42125,,40544
5.410332759422834,,,,0.9086044979087828,0.3011449423787625,,,,0.1816090904254864,39815,,,,40987,4.5362121206848345,,0.3878109252181295,,0.655270881684299,0.26381076283183374,,0.28006168326081443,,0.18715646163022925,37324,,42146,,38213,5.469454382701302,,1.5768703804848871,,0.5135910483820039,0.2984795422194428,,0.2160940660196903,,0.18245590786669083,39088,,42132,,40558
5.432879995953084,,,,0.9030983469600312,0.29734659372465183,,,,0.1806261755417629,39823,,,,41113,4.535993551650346,,0.36738456858104845,,0.6578470367888848,0.26378778215177073,,0.312189857319711,,0.18761413548881192,37331,,42468,,38227,5.49323856441431,,1.5770792576918204,,0.5345931115629282,0.2963897095061103,,0.2165186957794172,,0.1832759430679784,39095,,42146,,40610
5.4601050689869455,,,,0.9042402100566893,0.2951416830485327,,,,0.1804802885144549,39830,,,,41125,4.4753703164932706,,0.36543910298602134,,0.6606603322107889,0.2700490213106353,,0.31516480315309037,,0.18879240268576378,37359,,42496,,38255,5.614999952673446,,1.577912765144229,,0.5384542908689341,0.2852865945460166,,0.2187997389323907,,0.18361110495873761,39137,,42210,,40623
5.571778529481385,,,,0.9039906464298709,0.28649586734976745,,,,0.180458632657967,39858,,,,41131,4.450618489428072,,0.34640954551579134,,0.6707217745096324,0.26895498659736317,,0.4136806695613863,,0.19221878600049883,37380,,43588,,38353,5.636400987023251,,1.5778528162356604,,0.5730663129541886,0.2824133928613579,,0.22325760197555816,,0.1860540595500001,39144,,42406,,40761
5.60326346707447,,,,0.9038258191345216,0.28406341123171175,,,,0.180588121428274,39865,,,,41146,4.4515214572651,,0.342614565159632,,0.6710885913721474,0.268102709418336,,0.4143019478603252,,0.19254358606034666,37387,,43595,,38367,5.65440404090007,,1.5776538290458448,,0.5751189373243477,0.2818487001402278,,0.22334591626844663,,0.18605050517381885,39158,,42413,,40767
5.658370442704193,,,,0.9038103272678256,0.2794404375070718,,,,0.18123382653139275,39882,,,,41181,4.403987268119504,,,,0.6751028900329443,0.27112369873412484,,,,0.1934136694346851,37401,,,,38395,5.693246069544731,,1.5826615241727398,,0.5816729791289053,0.27776749217440694,,0.22459660438300325,,0.1862474232394904,39185,,42468,,40782
5.701166283554661,,,,0.9030734056256156,0.2757416773747913,,,,0.18133614298567757,39895,,,,41187,4.3742711300158685,,,,0.6756013246407727,0.27178188250778496,,,,0.19363462131602538,37415,,,,38402,5.7049220711121125,,1.5820572885880784,,0.5943714840729398,0.27610248249045743,,0.22494977545492673,,0.18716724592137143,39193,,42476,,40817
5.738232837905318,,,,0.8998268531876303,0.27299043575904197,,,,0.18189722655523807,39913,,,,41209,4.3622365020823395,,,,0.6762262033309206,0.27254836198661947,,,,0.1941522444547317,37422,,,,38416,5.705788268925311,,1.5801081853394907,,0.5960981389452474,0.27549323855295,,0.22572351754025602,,0.18737826303622138,39207,,42489,,40823
5.756025134411184,,,,0.8986673784799322,0.2722428380415879,,,,0.18282318629017683,39928,,,,41286,4.353292156743349,,,,0.6760570378264505,0.27387957446533884,,,,0.19475217321183871,37429,,,,38430,5.703673848190741,,1.578951091362299,,0.6408949275129698,0.2758494889910073,,0.22622497684546788,,0.18992003328261256,39214,,42496,,40908
5.75266592737385,,,,0.891861537323201,0.2730510925463301,,,,0.18313426639608074,39935,,,,41328,4.3557667189690275,,,,0.6700536921253488,0.27535278528875207,,,,0.19878640602126385,37443,,,,38577,5.706976038989652,,1.5771717985898568,,0.6486221420464783,0.27707357125871135,,0.22739473771742394,,0.19026324988596188,39228,,42510,,40922
5.74606482051981,,,,0.8891882327797775,0.2740164338920724,,,,0.18324581284663652,39941,,,,41338,4.382305142282553,,,,0.6694549152828585,0.27517793342103725,,,,0.19900261974087702,37464,,,,38591,5.69247453218925,,1.5883090497730241,,0.6732215150630217,0.2784702511942931,,0.2478057913525565,,0.19215603803067446,39242,,42839,,40974
5.724798155833987,,,,0.8864374317582965,0.27813843687336975,,,,0.18354348785949837,39956,,,,41351,4.394037231137878,,,,0.6675015865723538,0.275097770962665,,,,0.1995823022119117,37471,,,,38619,5.70175856244983,,1.5876854380861118,,0.6773565756988706,0.2802107187486916,,0.24816280634714485,,0.19278151593008608,39256,,42847,,40987
5.720664040507247,,,,0.8750584840166981,0.2808140163384293,,,,0.18380703478813967,39970,,,,41489,4.436606275893247,,,,0.6593934390436298,0.274806400547934,,,,0.2000559877002618,37485,,,,38717,5.670944082939992,,1.5860247492539514,,0.8150474458233022,0.28629074617888045,,0.24887112902890746,,0.19796522794979224,39277,,42860,,41328
5.730096597889358,,,,0.8743673385284781,0.2853318459126352,,,,0.18371729031536493,39984,,,,41495,4.464698379370985,,,,0.6575119170961158,0.27409571229979507,,,,0.1999684940358838,37492,,,,38731,5.61932117322207,,1.584348962092287,,0.8177123399378105,0.29015447177116827,,0.24937712548305704,,0.19766658100321993,39297,,42867,,41338
5.760942672848525,,,,0.874378578963815,0.29270802143284197,,,,0.18356716350618763,40019,,,,41510,4.609428871669207,,,,0.6507057190505786,0.2699803629876927,,,,0.19975496318312488,37527,,,,38773,5.601981461133055,,1.5827880350897716,,0.844343253832979,0.2929327643648972,,0.2505275281775328,,0.19236576674189046,39305,,42881,,41489
5.779348056968577,,,,0.8750592395347763,0.29054883808977633,,,,0.18344269762803295,40033,,,,41545,4.630510781759415,,,,0.650118341384263,0.2688716433975237,,,,0.19975850253813657,37534,,,,38780,5.590825959549339,,1.5456195326857094,,0.844471469274142,0.2972223070192874,,0.2746086933706509,,0.19212003265338473,39319,,43203,,41495
5.79455278790535,,,,0.8747761849345668,0.2901368694771597,,,,0.18348249890796697,40039,,,,41552,4.641677730147133,,,,0.6497357916436678,0.26992106863498017,,,,0.19991339116958443,37541,,,,38794,5.559375639364356,,1.5438183019607081,,0.8438393563650358,0.30411954720651585,,0.2751291574910508,,0.19168765498215154,39368,,43211,,41510
5.821012512677718,,,,0.8731410080089594,0.29228390597137666,,,,0.18375807289651194,40054,,,,41573,4.653286075958977,,,,0.6419218882826969,0.27192058231591104,,,,0.1998168769343387,37548,,,,38934,5.578987515471697,,1.5405939323157332,,0.8388644417493037,0.3036890738324438,,0.2761002690268918,,0.19098458166260784,39381,,43224,,41545
5.867593276719043,,,,0.8609995156979516,0.2960987242173114,,,,0.1843743674199008,40089,,,,41650,4.664100844157554,,,,0.6409592668307347,0.2753747451563727,,,,0.19972544626619287,37555,,,,38941,5.7013671644883965,,1.5391154878976994,,0.8374430044674328,0.29887089312946813,,0.27670169332438527,,0.1908972679226787,39445,,43231,,41552
5.866710053268855,,,,0.8569969856259865,0.2968177469169757,,,,0.18423088357116524,40095,,,,41692,4.761730332034426,,,,0.6408500642596238,0.2820577356210666,,,,0.19961486726798028,37618,,,,38955,5.738204946762187,,1.536207117340315,,0.8349058973646989,0.29485837032015266,,0.2780835354237466,,0.19080754618171117,39459,,43245,,41573
5.877608422785112,,,,0.856775237343009,0.3001130004147162,,,,0.18423515211642247,40117,,,,41702,4.779223499686424,,,,0.6392983763702728,0.27979083154374873,,,,0.19951010020107343,37625,,,,38990,5.821430901480394,,1.4738042287548967,,0.8314598550022535,0.2862525646757268,,0.3092713981131755,,0.19049776437114424,39494,,43567,,41636
5.872296237879461,,,,0.855780068800323,0.30153823995817963,,,,0.18439400237995457,40123,,,,41715,4.807711123824599,,,,0.6378224534712114,0.27757102784115223,,,,0.1993683831725478,37632,,,,39011,5.876625005579314,,1.4717906642677814,,0.8289891823330622,0.2814044196668178,,0.3100905043827376,,0.19044654267905958,39508,,43575,,41650
5.683715901590941,,,,0.8353493337754915,0.3054660193901618,,,,0.18429031903745688,40194,,,,41853,4.944953746420064,,,,0.6299626013644507,0.2702481962724363,,,,0.19791636078082353,37660,,,,39095,5.922188319815066,,1.4700453618932015,,0.818514459509194,0.27863885847742603,,0.3116375902457204,,0.19107452296874775,39518,,43588,,41702
5.638965866778993,,,,0.8352256835048035,0.299271160165834,,,,0.18419619659031572,40215,,,,41859,4.967998273838467,,,,0.6216912514713281,0.26816514571617395,,,,0.19705255235017471,37667,,,,39137,5.9908683272067895,,1.4685888082677847,,0.8162870663511298,0.2773138828077119,,0.31259346627600904,,0.1912115609977345,39532,,43595,,41715
5.618336634447678,,,,0.8368785501780345,0.2953341778155081,,,,0.18403457633346074,40229,,,,41874,4.99382346830551,,,,0.6196879298452667,0.26830027630139275,,,,0.1969707730854176,37674,,,,39144,6.108416758351398,,,,0.7752239276798417,0.27765979966277027,,,,0.1906214942883128,39556,,,,41909
5.573422633718985,,,,0.8420424951118195,0.2934018779198975,,,,0.18386413351115974,40246,,,,41909,5.031572699536067,,,,0.618233981715476,0.2686969266136766,,,,0.19693674242581996,37688,,,,39158,6.136215281796482,,,,0.7741799317438378,0.2779130960993692,,,,0.1904892681442682,39564,,,,41915
5.54727674144791,,,,0.8423180769401447,0.2924394821111919,,,,0.18390077139311303,40259,,,,41915,5.059361572889507,,,,0.6217127456081188,0.2691683135721591,,,,0.19449346551023378,37695,,,,39297,6.158432282605548,,,,0.7731053364540008,0.2778191848059163,,,,0.19020109166278956,39571,,,,41930
5.542992398919483,,,,0.8449640714181073,0.28913159309663794,,,,0.1841641106791799,40277,,,,41937,5.206426705147823,,,,0.6218398933732945,0.2708840270428527,,,,0.19431653440757543,37737,,,,39305,6.188768163833051,,,,0.772668985092463,0.27782134006005305,,,,0.18854293134580322,39577,,,,42007
5.54493508357151,,,,0.8467826082077302,0.28930050358567966,,,,0.1848267820877754,40291,,,,42007,5.22127805339952,,,,0.6212622150945808,0.26944203290323354,,,,0.19412846092062935,37744,,,,39319,6.247513665801949,,,,0.7720740564462297,0.27808008726913236,,,,0.1882236296529783,39591,,,,42021
5.549624262121244,,,,0.8492290725069592,0.2898805835071064,,,,0.18491423956331876,40299,,,,42021,5.225335203864573,,,,0.614906787240363,0.2715296678649053,,,,0.193650577168436,37751,,,,39375,6.297218440438301,,,,0.7683707184143989,0.27755696921203193,,,,0.18737644470830142,39606,,,,42073
5.601683840671808,,,,0.852820307020517,0.29043410398339975,,,,0.185322155990819,40320,,,,42056,5.244622556829071,,,,0.6135743675417211,0.2763059793075727,,,,0.19360215466733105,37765,,,,39381,6.328127303419483,,,,0.7668101263481876,0.27844782364611814,,,,0.1873055160627114,39620,,,,42086
5.643256802363864,,,,0.8555245722180218,0.2912151793770172,,,,0.18558624738334784,40334,,,,42073,5.285537623908795,,,,0.6068486037499249,0.2791103397806726,,,,0.19258178735230386,37779,,,,39459,6.317170788201451,,,,0.762819729705917,0.28183789860768865,,,,0.18393082611852443,39648,,,,42224
5.686430559477661,,,,0.8560203085869977,0.2929455867683381,,,,0.1859006385291298,40348,,,,42086,5.318205792577058,,,,0.6028920379765306,0.28129641919461157,,,,0.19173276196986272,37793,,,,39508,6.309279321811161,,,,0.7621520905449806,0.2830195678193092,,,,0.18372810785491697,39655,,,,42230
5.829642399581502,,,,0.8686205222803238,0.2935999019361085,,,,0.1874380273675764,40397,,,,42224,5.328765729341041,,,,0.6023247561511275,0.28456806553769864,,,,0.19152118668054258,37807,,,,39518,6.299368146930311,,,,0.7618038221510967,0.28603799199665336,,,,0.18330790513684125,39669,,,,42245
5.860393386899682,,,,0.8690989990689706,0.2930132189174225,,,,0.18745820151304673,40403,,,,42230,5.357893739007906,,,,0.6028675056898541,0.2909441297600972,,,,0.19138333029357318,37835,,,,39532,6.279576055139596,,,,0.7630549922211919,0.29215777706306845,,,,0.18241958706341296,39683,,,,42280
5.943647411072313,,,,0.8717141317214057,0.2933058935958723,,,,0.18763998233543158,40418,,,,42245,5.36326467560855,,,,0.614168152861012,0.29285694983126737,,,,0.1891966109549819,37842,,,,39648,6.21173203025497,,,,0.7621473729033819,0.30550292917286664,,,,0.18231573326125297,39731,,,,42286
6.089560703062962,,,,0.8760279387211838,0.298975712042443,,,,0.1881097393098066,40453,,,,42280,5.388912597361605,,,,0.6158079113961844,0.29678159191455195,,,,0.1889861809640087,37856,,,,39655,6.228325887261021,,,,0.7595165230591945,0.30742443057577445,,,,0.18229372629677681,39745,,,,42301
6.1074925437273535,,,,0.8759038280870255,0.2998048644542241,,,,0.18820717207234994,40459,,,,42286,5.499974065203674,,,,0.620619179145834,0.3005645574436834,,,,0.18863913485496095,37898,,,,39669,6.397793613252019,,,,0.7575469491123215,0.30451240832473253,,,,0.1824324683185093,39816,,,,42308
6.179082921330366,,,,0.8751386227382862,0.3065982622540965,,,,0.1886486525351748,40481,,,,42308,5.499351451920568,,,,0.6252982640302286,0.3017465618492569,,,,0.18851833607951,37905,,,,39683,6.429045917390574,,,,0.7469031659237501,0.30107973750182937,,,,0.18373079632824088,39830,,,,42371
6.199113245001541,,,,0.8694916894884158,0.30908962330196105,,,,0.18966000514677608,40487,,,,42371,5.499606961027851,,,,0.6383868877268277,0.30436490992979504,,,,0.18839988655055398,37912,,,,39739,6.432733333150381,,,,0.7445120138476076,0.29960857822256315,,,,0.18407962458627616,39851,,,,42385
6.541578027066583,,,,0.8670668796371432,0.31603618477459344,,,,0.18979387934609016,40558,,,,42385,5.509037120075534,,,,0.6389383141913997,0.3075228418278469,,,,0.18838224185332905,37919,,,,39745,6.445507548860681,,,,0.741007873758814,0.295971256508654,,,,0.18503528908458197,39882,,,,42437
6.649882514077263,,,,0.8584278216733734,0.310340418938831,,,,0.19036688449099298,40593,,,,42420,5.70470259683098,,,,0.655843673065736,0.3122225371826718,,,,0.18813625493880023,38003,,,,39816,6.420245497686328,,,,0.7386476787678374,0.2972014854523802,,,,0.18541315418974444,39895,,,,42450
6.687585152218555,,,,0.8563310438645666,0.30671066946894215,,,,0.19064209608801921,40610,,,,42437,5.755525700195192,,,,0.6589790901712355,0.30569858712589437,,,,0.1880128371053483,38031,,,,39830,6.405396835850901,,,,0.7373988022316951,0.30083928139073957,,,,0.1870801047974149,39913,,,,42584
6.712015661855427,,,,0.8534520768667103,0.3067423430104343,,,,0.19096657989951624,40623,,,,42450,5.79300400964898,,,,0.6700938145971389,0.3016834053041617,,,,0.18805861836519702,38045,,,,39882,6.393904988299979,,,,0.7363818025494078,0.3022501667624911,,,,0.18724888054951722,39921,,,,42594
6.789039954410091,,,,0.8196743332278196,0.3083741998404946,,,,0.19295939126698142,40656,,,,42574,5.80521198920254,,,,0.6727522264571288,0.30028159250622444,,,,0.18814972109977415,38052,,,,39895,6.381233100933682,,,,0.7360895759987941,0.30358620139097464,,,,0.18757517914665392,39928,,,,42609
6.801738584598021,,,,0.8164077989827964,0.3075879832151534,,,,0.19310823287159445,40662,,,,42584,5.813623249222196,,,,0.7079801511950604,0.30227800954884954,,,,0.18727379220434265,38066,,,,40033,6.34758091571328,,,,0.7371904474546696,0.30708319201935874,,,,0.18853946552673104,39941,,,,42644
6.806721893832911,,,,0.8103842209231316,0.3079109721596863,,,,0.19359970413375166,40669,,,,42609,5.90343223740498,,,,0.7094238724473155,0.29862756826040754,,,,0.18713673133562764,38108,,,,40039,6.317182491783121,,,,0.7370462155193286,0.31279692160345246,,,,0.18877168384790016,39956,,,,42650
6.794172617739627,,,,0.8004170494178069,0.31098068883418734,,,,0.19492445268865524,40683,,,,42650,5.930150845541255,,,,0.7117016097044827,0.29722546997981475,,,,0.18698268795535047,38115,,,,40054,6.285893803210784,,,,0.7467919111978809,0.31130847854811805,,,,0.19121739104481114,40033,,,,42734
6.784607388997669,,,,0.7956570164538035,0.31784653216526765,,,,0.19574535475582786,40712,,,,42672,5.951174370332836,,,,0.7210748727169428,0.2988562136600661,,,,0.18677152342464115,38129,,,,40117,6.28470211607796,,,,0.7482973280993112,0.3098727506080464,,,,0.19157262478444456,40039,,,,42749
6.717213260295586,,,,0.7896334206518626,0.319676281950351,,,,0.1983333390138107,40761,,,,42735,5.990510951286489,,,,0.7225251923993907,0.30047042226688775,,,,0.18677289983048742,38143,,,,40123,6.283801882649414,,,,0.7488626476162725,0.30835675452247,,,,0.19325946021936663,40054,,,,42791
6.7108771967761705,,,,0.7863597150147247,0.3201168202378775,,,,0.19897174065265125,40767,,,,42749,6.031648627931894,,,,0.7447137837684954,0.30182204276087005,,,,0.1864923396488473,38157,,,,40180,6.26789125482955,,,,0.7490374345410526,0.30785898496395386,,,,0.19375912010305507,40089,,,,42801
6.7000865950766535,,,,0.7821944357964773,0.32435038406529637,,,,0.20097500616388586,40782,,,,42791,6.057104064105114,,,,0.7501621171595761,0.3042565103558277,,,,0.18639345658823303,38171,,,,40194,6.267420941093899,,,,0.7496791579994416,0.3080031348108828,,,,0.19454879629225247,40095,,,,42814
6.55819893674987,,,,0.7805417063403189,0.33678996334641137,,,,0.20150650901602385,40845,,,,42801,6.08088905353999,,,,0.7645664397323974,0.3069685463400569,,,,0.18650884137334237,38192,,,,40246,6.265450568923393,,,,0.7555487315349444,0.31303057057608463,,,,0.202379667324545,40123,,,,42952
6.551996412942836,,,,0.7586248478047342,0.33733884292873384,,,,0.21122707502102453,40852,,,,43113,6.080763527348325,,,,0.7690559725715638,0.30861209798181966,,,,0.18648505313986063,38199,,,,40259,6.2991153651747505,,,,0.7560273709564762,0.31433530942074706,,,,0.20264443266646198,40180,,,,42958
6.562760712364856,,,,0.7550833192800688,0.3291107138857592,,,,0.21122518770279322,40922,,,,43165,6.1060811319423625,,,,0.8303849425555332,0.31205446267008985,,,,0.18343838276085675,38213,,,,40397,6.325739995388166,,,,0.758655443091155,0.31304055887860216,,,,0.20343490904601721,40194,,,,42973
6.495958910751726,,,,0.7553248904251976,0.31504828756457887,,,,0.2112142998381731,40964,,,,43178,6.162383703022748,,,,0.8324720361993554,0.316798943906069,,,,0.18325133477314973,38227,,,,40403,6.432040477000674,,,,0.7616724306332148,0.30166611753072176,,,,0.20572886118762704,40246,,,,43008
6.486543578064449,,,,0.7834474679146299,0.31072216119064733,,,,0.20982173493709663,40974,,,,43316,6.236314149220819,,,,0.8369830413186072,0.3294274356686477,,,,0.18292207792256085,38255,,,,40418,6.442143866622268,,,,0.7610200919904119,0.3006379849644147,,,,0.20618405959606562,40259,,,,43014
6.500568260915378,,,,0.7844784276127472,0.3078004065282248,,,,0.20975237682766262,40987,,,,43322,6.4818739601275865,,,,0.8501277032634005,0.3417875338089947,,,,0.18221231824998144,38353,,,,40459,6.455726550821163,,,,0.7596987229156981,0.3031321917811806,,,,0.20820288841190965,40277,,,,43036
6.489312073710487,,,,0.7861098481797607,0.30468355460450663,,,,0.20987870898965566,41012,,,,43337,6.509448982851872,,,,0.8522323016818719,0.3382090736682136,,,,0.1821520665912104,38367,,,,40467,6.459295202227021,,,,0.7638023592457465,0.3040000789707287,,,,0.2152652578859029,40291,,,,43113
6.479366906314754,,,,0.7871675109143912,0.300688904304615,,,,0.21085422148513341,41033,,,,43378,6.596630082556843,,,,0.8552567507148531,0.33456113853823594,,,,0.1821052007550239,38395,,,,40481,6.4565936028131,,,,0.786491715591428,0.3040837917336055,,,,0.2301236240603428,40305,,,,43316
6.484803758974053,,,,0.784649330541473,0.29945430250345545,,,,0.21156995725126032,41040,,,,43400,6.615408240379829,,,,0.8555670909708979,0.33333589703235167,,,,0.18215006762415362,38402,,,,40487,6.446007459511817,,,,0.7860127933198517,0.3033970945663023,,,,0.23149330114613906,40320,,,,43337
6.4878772319564355,,,,0.7825215989729395,0.2994582467655457,,,,0.21222228009518965,41054,,,,43413,6.644990370012856,,,,0.8666305406548095,0.3320275008685967,,,,0.1826336255978471,38416,,,,40544,6.429055482321362,,,,0.7906738685312895,0.3021874804209344,,,,0.24164124480204782,40334,,,,43477
6.48085764319277,,,,0.7759586541371696,0.29975906799286817,,,,0.21631812533671266,41083,,,,43477,6.664545871420633,,,,0.8680414968719811,0.33183368434146043,,,,0.1826850268701009,38430,,,,40558,6.433479225778008,,,,0.7907172399510745,0.30220779128837055,,,,0.24504570486202057,40348,,,,43519
6.480008596761191,,,,0.761386994188831,0.29470143474829896,,,,0.22025878265991405,41113,,,,43529,6.678494570266476,,,,0.8720854559612007,0.33253428202433827,,,,0.18302497812169824,38451,,,,40593,6.33830275287179,,,,0.7908734921310632,0.30196934234020617,,,,0.24590716283330433,40397,,,,43529
6.505930926517824,,,,0.7588405694055071,0.29494670250803795,,,,0.22140256173017853,41125,,,,43542,6.7361759096883205,,,,0.8735233764114085,0.33237041997042405,,,,0.1832277092794027,38479,,,,40610,6.339510722534772,,,,0.8086101571118375,0.3019359316156643,,,,0.2598384120110286,40403,,,,43680
6.513482750666716,,,,0.7498658780385815,0.29577505721185066,,,,0.23318517692822072,41131,,,,43686,6.754931085078977,,,,0.8750658104643533,0.3348120134469225,,,,0.18358575668973864,38493,,,,40623,6.357682684797651,,,,0.807642069117276,0.3033883700785243,,,,0.26190936195448705,40418,,,,43701
6.528781713176866,,,,0.7490892080198045,0.30070555956439027,,,,0.23447999989350443,41146,,,,43701,6.779803190705895,,,,0.8995199705228939,0.3392314600295278,,,,0.18514291122425347,38507,,,,40761,6.337538203848791,,,,0.8010604140789808,0.3096918510365164,,,,0.2693183220687207,40446,,,,43764
6.54984900728834,,,,0.750345459531191,0.3148024779494599,,,,0.23778198088627056,41181,,,,43736,6.788410014477834,,,,0.9006791095419714,0.344744591375008,,,,0.18508536281682578,38521,,,,40767,6.3424741512842076,,,,0.7990789391634605,0.31101794559809903,,,,0.27106207074841315,40453,,,,43777
6.550699873006119,,,,0.7491316603366309,0.3165124359176411,,,,0.23843049892753113,41187,,,,43742,6.7958333729830525,,,,0.9048963770478157,0.357728331638965,,,,0.18506546247027914,38577,,,,40782,6.339627428043408,,,,0.7982327518203004,0.31349149232328805,,,,0.28169181919172903,40459,,,,43848
6.523882677454857,,,,0.7513754679558138,0.32598489788349044,,,,0.24124319642281408,41209,,,,43764,6.802620034886361,,,,0.9232745624440389,0.361018614752947,,,,0.1850630516769815,38591,,,,40845,6.3733110744708235,,,,0.7988338270250712,0.32029937781249784,,,,0.2873528525468366,40544,,,,43883
6.559554158530628,,,,0.7506130893531224,0.32743548271805467,,,,0.24311449828059256,41286,,,,43777,6.796290488534741,,,,0.9244972122675502,0.37046273782557043,,,,0.18503517045563017,38619,,,,40852,6.390285944706586,,,,,0.31779526742151065,,,,,40558,,,,
6.502061541205827,,,,0.7615318212085915,0.3186241889186966,,,,0.2541763401396289,41328,,,,43848,6.756552308767502,,,,0.9330465614139821,0.3622157082407094,,,,0.1848377638952632,38717,,,,40908,6.479804456430265,,,,,0.3014977137684956,,,,,40610,,,,
6.4816257046971355,,,,0.7607083493250167,0.3165342812472001,,,,0.260256184540543,41338,,,,43883,6.745693922108019,,,,0.9358506270679526,0.3566167915011654,,,,0.1847389034649531,38731,,,,40922,6.490898141467369,,,,,0.2978691760500948,,,,,40623,,,,
6.458456864026968,,,,,0.31671938093548296,,,,,41351,,,,,6.690148817877296,,,,0.9428102804799603,0.3384197432646733,,,,0.1847133826695455,38773,,,,40950,6.483882871113454,,,,,0.2967592509500391,,,,,40641,,,,
6.447571240143061,,,,,0.316021905178983,,,,,41376,,,,,6.693549940435809,,,,0.9451275057475962,0.3356804005883842,,,,0.18472634668744115,38780,,,,40964,6.476014163302279,,,,,0.29604289764239655,,,,,40649,,,,
6.406569973490634,,,,,0.3155077102233353,,,,,41397,,,,,6.703515304708078,,,,0.945593591647275,0.3328858181580691,,,,0.18482335692621138,38794,,,,40974,6.457830163065567,,,,,0.29433612659177255,,,,,40662,,,,
6.404936956094388,,,,,0.3151397975558476,,,,,41404,,,,,6.702038972423821,,,,0.9450032123143314,0.3280001832778507,,,,0.18509443754376032,38822,,,,40987,6.45041342801503,,,,,0.2941453554700214,,,,,40669,,,,
6.419093301967065,,,,,0.3152831962922397,,,,,41419,,,,,6.710831050624365,,,,0.9580146483177191,0.32762020273505027,,,,0.18538018408183363,38843,,,,41113,6.4442733306585085,,,,,0.2943453588715533,,,,,40683,,,,
6.441477741540515,,,,,0.3160032195735227,,,,,41447,,,,,6.7197964739169125,,,,0.9606343742750828,0.32920638228089016,,,,0.18533341305988477,38864,,,,41131,6.424344407672696,,,,,0.2946831961858892,,,,,40698,,,,
6.468738266605953,,,,,0.31579926186303325,,,,,41489,,,,,6.725987210966688,,,,0.9610773599388718,0.3323102136520876,,,,0.18541249637800686,38878,,,,41146,6.41299528696618,,,,,0.2964263077346605,,,,,40712,,,,
6.47441482466544,,,,,0.31547607592502486,,,,,41495,,,,,6.728423073444349,,,,0.9654695465631279,0.33463034220995935,,,,0.18571921383858206,38892,,,,41187,6.275434893272487,,,,,0.302732365180637,,,,,40761,,,,
6.507716734057353,,,,,0.31573214734988475,,,,,41510,,,,,6.708892321564507,,,,0.9669221330311816,0.3387707260667571,,,,0.1858847574372294,38934,,,,41202,6.27250532739077,,,,,0.30230561930041555,,,,,40767,,,,
6.584765940216635,,,,,0.3178628781580509,,,,,41545,,,,,6.701332997402102,,,,0.9800143190741318,0.3392064674263023,,,,0.1862149781975641,38941,,,,41286,6.275897638665622,,,,,0.3044829124512365,,,,,40782,,,,
6.6001038678539405,,,,,0.31918400776228023,,,,,41552,,,,,6.709287849130872,,,,0.9825284997252932,0.3411891745080401,,,,0.1863316563590628,38955,,,,41314,6.235178134200829,,,,,0.31411285438753545,,,,,40817,,,,
6.622982230186214,,,,,0.32573584149982654,,,,,41573,,,,,6.700115337011432,,,,0.9848254239455333,0.34723147866348675,,,,0.18642577398050078,38990,,,,41328,6.226215792970281,,,,,0.31629275770710963,,,,,40823,,,,
6.605991711983235,,,,,0.33227069346005367,,,,,41650,,,,,6.692659803726559,,,,0.9866069959364289,0.3477608028243225,,,,0.1865735403440898,39004,,,,41338,6.299380320911201,,,,,0.32182442911307335,,,,,40908,,,,
6.635390607721637,,,,,0.3198370845725546,,,,,41692,,,,,6.683394296789939,,,,1.019663834553726,0.3491062229517271,,,,0.18616694788796595,39011,,,,41495,6.3244673976179575,,,,,0.3184349159314243,,,,,40922,,,,
6.658743084893874,,,,,0.31692779767813817,,,,,41702,,,,,6.544157627075591,,,,1.0222197910954312,0.34004232923000355,,,,0.18580556245823177,39095,,,,41510,6.341607245956616,,,,,0.31059640362994906,,,,,40974,,,,
6.677736814968697,,,,,0.315977668042412,,,,,41715,,,,,6.422733077868773,,,,1.0328915683073978,0.3243015071153766,,,,0.1848397484796287,39137,,,,41552,6.328400822940759,,,,,0.30939467631895684,,,,,40987,,,,
6.67569038168624,,,,,0.3173862769237788,,,,,41740,,,,,6.3986632838069,,,,1.0370841944640616,0.3222184565894566,,,,0.18456370523996676,39144,,,,41566,6.310138366436589,,,,,0.31335082655188484,,,,,41012,,,,
6.704657595888241,,,,,0.31532106216643574,,,,,41768,,,,,6.376847601493112,,,,1.0388467204790268,0.32007091008755895,,,,0.18451668435263258,39158,,,,41573,6.29755849961187,,,,,0.3144924176763625,,,,,41020,,,,
6.699932483871135,,,,,0.3147548796104148,,,,,41783,,,,,6.373251073624773,,,,1.0559837990939454,0.31458284403638226,,,,0.1841717525100181,39185,,,,41635,6.268557304826594,,,,,0.3170261416047945,,,,,41033,,,,
6.6926767002686915,,,,,0.3164911614461987,,,,,41811,,,,,6.368233364346658,,,,1.061287293063505,0.30944295591301113,,,,0.18417593406384994,39207,,,,41650,6.265674240366686,,,,,0.3187169033277045,,,,,41040,,,,
6.625338108798292,,,,,0.3141899933387845,,,,,41853,,,,,6.378973327228363,,,,1.0756046906486596,0.3081490591594226,,,,0.18448544953262133,39214,,,,41692,6.242586267304104,,,,,0.3244364306825285,,,,,41054,,,,
6.629641686627137,,,,,0.3137828933787021,,,,,41859,,,,,6.38982317610803,,,,1.0767357832288749,0.3098582918277481,,,,0.18462466137937336,39228,,,,41702,6.196854981011019,,,,,0.33323127239530753,,,,,41069,,,,
6.662702822128463,,,,,0.3137205868026361,,,,,41874,,,,,6.401732785019991,,,,1.0792134381869656,0.3156975390907944,,,,0.1850613329017293,39256,,,,41715,6.17851626823127,,,,,0.3435811138245882,,,,,41083,,,,
6.749256290467834,,,,,0.31429564974968494,,,,,41909,,,,,6.392003257839973,,,,1.1159063642249794,0.3143571342317918,,,,0.1874897656538894,39297,,,,41853,6.2026079301936505,,,,,0.3450565559260647,,,,,41307,,,,
6.760513013874909,,,,,0.31534713167252865,,,,,41915,,,,,6.39429446373424,,,,1.1171240259382351,0.3148732117705417,,,,0.1875326975734038,39305,,,,41859,6.227508809139269,,,,,0.3413883109591475,,,,,41314,,,,
6.810035096845706,,,,,0.3207762281327852,,,,,41937,,,,,6.385805949167283,,,,1.1191660461946809,0.3174442992161934,,,,0.18784811850538097,39319,,,,41874,6.2920737723125075,,,,,0.3349562706818258,,,,,41328,,,,
6.86366766131568,,,,,0.32400697605782147,,,,,42007,,,,,6.289307327385693,,,,1.1277017641376292,0.32442119515392975,,,,0.18896244069131019,39368,,,,41915,6.329701386658183,,,,,0.33126063594671723,,,,,41338,,,,
6.907560081099177,,,,,0.32198022229798867,,,,,42021,,,,,6.279019941107239,,,,1.1289607795398549,0.32525820981515946,,,,0.18942630234582966,39375,,,,41930,6.395286814082454,,,,,0.3247223869277238,,,,,41376,,,,
6.974228795952556,,,,,0.31812125408561465,,,,,42056,,,,,6.265932486824668,,,,1.1289526784834973,0.3269395183166313,,,,0.18969636263529469,39381,,,,41937,6.4145490780792045,,,,,0.32320961461189845,,,,,41384,,,,
7.023209547635833,,,,,0.3159880612371398,,,,,42073,,,,,6.182076004784684,,,,1.1376261676309567,0.3281159698614244,,,,0.19205621038850718,39459,,,,42006,6.441359788636595,,,,,0.32079486128071294,,,,,41397,,,,
7.043268196797765,,,,,0.31600510849409535,,,,,42086,,,,,6.131214216681479,,,,1.138309861591631,0.31223777690017995,,,,0.19248028857991048,39508,,,,42021,6.451720685246789,,,,,0.3198945380873046,,,,,41404,,,,
7.072895089598933,,,,,0.31868610631889116,,,,,42104,,,,,6.1308202686959445,,,,1.1450858181993278,0.30653248208827744,,,,0.19355252459666222,39518,,,,42056,6.46206108128176,,,,,0.31956074186103955,,,,,41419,,,,
7.100832806402811,,,,,0.31989278041039887,,,,,42132,,,,,6.143674649778044,,,,1.146538442960515,0.3007487726411124,,,,0.19418718119104394,39532,,,,42073,6.447839304595501,,,,,0.32049939089203633,,,,,41447,,,,
7.102274862852872,,,,,0.3203462484140044,,,,,42146,,,,,6.166583597156934,,,,1.1647445134795993,0.2941509393880541,,,,0.19892495776095553,39550,,,,42230,6.506098004131142,,,,,0.3096249321826484,,,,,41489,,,,
7.1264779522292425,,,,,0.3248001188186913,,,,,42182,,,,,6.169183645370679,,,,1.1633939601121814,0.29214162603107957,,,,0.19924623675122993,39556,,,,42245,6.508148921541956,,,,,0.308716016624963,,,,,41495,,,,
7.118181320312589,,,,,0.32068825197350453,,,,,42224,,,,,6.161666051796478,,,,1.159484024033307,0.2897594251290037,,,,0.2006166667410347,39571,,,,42286,6.492714231097609,,,,,0.3092750658606303,,,,,41510,,,,
7.1221421377199094,,,,,0.32096569844825495,,,,,42230,,,,,6.165971540547053,,,,1.1601030127461391,0.28907872669186563,,,,0.2011035938534985,39577,,,,42301,6.401741960943864,,,,,0.3114320246728766,,,,,41545,,,,
7.1401126658178935,,,,,0.32394845822021706,,,,,42245,,,,,6.16878429986753,,,,1.1596439928001792,0.2892672547788226,,,,0.20141521833884227,39591,,,,42308,6.382737590519807,,,,,0.31208019292927386,,,,,41552,,,,
7.151477733402366,,,,,0.3287573965996635,,,,,42280,,,,,6.157822307569758,,,,1.1652822618888963,0.2917680606505649,,,,0.20413695565785064,39606,,,,42371,6.337018290925205,,,,,0.316034693846918,,,,,41573,,,,
7.146233909709482,,,,,0.3295628306433863,,,,,42286,,,,,6.141171899625334,,,,1.1664343213448156,0.29264344134303544,,,,0.20477326034820686,39620,,,,42385,6.239920080357201,,,,,0.3133923739059414,,,,,41636,,,,
7.11200731180267,,,,,0.33350205143610506,,,,,42308,,,,,6.10989368276216,,,,1.1970694959414454,0.29506712423936166,,,,0.2098972020291343,39648,,,,42749,6.206253478928649,,,,,0.31032046479067144,,,,,41650,,,,
6.954887642276148,,,,,0.33226847141349325,,,,,42371,,,,,6.118435842812137,,,,1.1953618313134278,0.2952647937657153,,,,0.20905817942224392,39655,,,,42791,6.087133088787942,,,,,0.31142471446928227,,,,,41685,,,,
6.912456462471433,,,,,0.3284606308617146,,,,,42385,,,,,6.157263211730012,,,,1.1959190804963349,0.2959118900773545,,,,0.20888961170120499,39669,,,,42801,6.024067257647086,,,,,0.30785278164717833,,,,,41702,,,,
6.757141630284279,,,,,0.3212275753002146,,,,,42420,,,,,6.193476060457268,,,,1.1953394531171724,0.2995800123971324,,,,0.20886242018977194,39683,,,,42814,5.990255263352229,,,,,0.30508382223213554,,,,,41715,,,,
6.7142581010768705,,,,,0.31575946954280465,,,,,42437,,,,,6.229470103050339,,,,1.1812032461199562,0.3093948711497144,,,,0.20847870480270014,39731,,,,42952,5.893377659153814,,,,,0.3048932715410714,,,,,41740,,,,
6.667376663992347,,,,,0.3130272905320219,,,,,42450,,,,,6.236581036386995,,,,1.1799100305034458,0.31073876840275894,,,,0.20829217014194337,39739,,,,42973,5.871192968461195,,,,,0.30437252361763883,,,,,41748,,,,
6.581307444653721,,,,,0.31128539756112944,,,,,42468,,,,,6.237264493605553,,,,1.1804201184634322,0.3125549216514999,,,,0.20815736652359754,39745,,,,43014,5.855175224598323,,,,,0.30416301262909096,,,,,41761,,,,
6.525234032686662,,,,,0.3070200581817114,,,,,42489,,,,,6.303479983058152,,,,1.1787414620328356,0.32034899284780227,,,,0.2082388539508141,39816,,,,43029,5.839552861406277,,,,,0.3048028822643692,,,,,41768,,,,
6.4958603444609775,,,,,0.30656628994882673,,,,,42496,,,,,6.323628482273011,,,,1.1660230545905133,0.31772744185195323,,,,0.20858133342679794,39830,,,,43113,5.803645608800536,,,,,0.30848300674642104,,,,,41783,,,,
6.435683629971109,,,,,0.30864427840333564,,,,,42510,,,,,6.3623185360387975,,,,1.158880670475984,0.31126174223108294,,,,0.20878069369839475,39882,,,,43141,5.742187564849424,,,,,0.31494954094735916,,,,,41797,,,,
6.229543000947741,,,,,0.3139557629155483,,,,,42546,,,,,6.376177281144776,,,,1.1509259611034024,0.30911924543477626,,,,0.20904342200516549,39895,,,,43165,5.698313851128834,,,,,0.3207967007739217,,,,,41811,,,,
6.117565823676653,,,,,0.31134768711951666,,,,,42574,,,,,6.3973988587835375,,,,1.147014717227987,0.30802919094004105,,,,0.20936853373181222,39913,,,,43178,5.393003735310209,,,,,0.3321159468478308,,,,,41909,,,,
6.074629317320808,,,,,0.31248726463416954,,,,,42584,,,,,6.433488628418658,,,,1.1267299319156028,0.30639384430660555,,,,0.21107815693414406,39928,,,,43322,5.379592522504515,,,,,0.3316482933333672,,,,,41915,,,,
5.99588997110391,,,,,0.31525726387085873,,,,,42609,,,,,6.471135760726695,,,,1.1239194038682208,0.3055071173337794,,,,0.21121172284559683,39941,,,,43337,5.363681206055388,,,,,0.3309517169502373,,,,,41930,,,,
5.854027960748463,,,,,0.32309926171570824,,,,,42650,,,,,6.47931735106707,,,,1.120886851503662,0.3076986830359339,,,,0.21195044085716097,39956,,,,43378,5.333425973855889,,,,,0.3119225001836626,,,,,42007,,,,
5.791326951591728,,,,,0.32617304939874725,,,,,42672,,,,,6.452133319456192,,,,1.1196616028498494,0.314101650669387,,,,0.21242223452352638,39984,,,,43393,5.327611646122302,,,,,0.3051489111739711,,,,,42021,,,,
5.693324659151894,,,,,0.32815393563590217,,,,,42735,,,,,6.344081184749838,,,,1.11791800840572,0.3166738576242519,,,,0.21273100591500957,40033,,,,43400,5.296739194986909,,,,,0.29408690034588203,,,,,42049,,,,
5.650331090152419,,,,,0.3275252031021316,,,,,42749,,,,,6.337469003796285,,,,1.1148808869827238,0.3162211909179243,,,,0.21349757961003799,40039,,,,43413,5.295179318060904,,,,,0.29151788571961956,,,,,42056,,,,
5.584310570235931,,,,,0.32153812620421574,,,,,42791,,,,,6.294732596597539,,,,1.1135617581740223,0.3186188584007313,,,,0.218141582214218,40054,,,,43477,5.301370257112752,,,,,0.2863760866441716,,,,,42073,,,,
5.571235339507186,,,,,0.3198289754598392,,,,,42801,,,,,6.076956474165893,,,,1.114746613162387,0.3293170327796317,,,,0.22130139811705693,40117,,,,43519,5.299726535743104,,,,,0.28501744981940186,,,,,42086,,,,
5.521549041245198,,,,,0.3202340820045976,,,,,42839,,,,,6.066246040659189,,,,1.113104157174456,0.3302463196982623,,,,0.22214133740336528,40123,,,,43529,5.314104918033857,,,,,0.28165399141858777,,,,,42104,,,,
5.516563639951966,,,,,0.3200820303816387,,,,,42860,,,,,6.046069228013963,,,,1.111324069158898,0.3277942553992876,,,,0.2235255891774706,40180,,,,43542,5.315581615263406,,,,,0.2803374784886077,,,,,42112,,,,
5.5115418902333,,,,,0.32087905805158623,,,,,42867,,,,,6.051017664981745,,,,1.0876307155522142,0.3251317639303307,,,,0.23980585518404388,40194,,,,43686,5.3344691665135056,,,,,0.2781067401842122,,,,,42125,,,,
5.491889340813522,,,,,0.3274076943161085,,,,,42881,,,,,5.9572178921370975,,,,1.0854325272551073,0.32090770119232076,,,,0.2414120910037551,40246,,,,43701,5.341549866405616,,,,,0.27807951610522924,,,,,42132,,,,
5.456910231346076,,,,,0.34427790502510974,,,,,42910,,,,,5.949005339833899,,,,1.084155053725092,0.31710116406855565,,,,0.24645740379953,40259,,,,43742,5.364257602046953,,,,,0.27792814719401554,,,,,42146,,,,
5.444116900367518,,,,,0.34844151533209405,,,,,42917,,,,,5.960783031588235,,,,1.0835690107091687,0.3046758684158868,,,,0.24845390472778256,40291,,,,43757,5.382991714426446,,,,,0.2772028153439175,,,,,42161,,,,
5.2513554206691815,,,,,0.3660148086498108,,,,,43113,,,,,5.971175602616765,,,,1.080336664593732,0.3016979957964546,,,,0.2514588487101871,40299,,,,43777,5.376667988015016,,,,,0.2786462329471228,,,,,42168,,,,
5.2047719676862725,,,,,0.3416546081030168,,,,,43165,,,,,5.98603647564291,,,,1.080105379969728,0.3000428910667795,,,,0.26359658604884495,40305,,,,43848,5.374212766217224,,,,,0.2817408867075306,,,,,42182,,,,
5.213682599605127,,,,,0.33360848010908994,,,,,43178,,,,,6.003688914075155,,,,,0.2989687946633468,,,,,40320,,,,,5.38743615986836,,,,,0.28252797793587636,,,,,42210,,,,
5.27965727159623,,,,,0.31825255507702216,,,,,43203,,,,,6.020172711861672,,,,,0.29947600693478243,,,,,40334,,,,,5.389749752092762,,,,,0.2815902716238587,,,,,42224,,,,
5.301364246603262,,,,,0.31410827885785847,,,,,43211,,,,,6.05540160484314,,,,,0.3017411231234257,,,,,40348,,,,,5.387688504638335,,,,,0.2823268311530298,,,,,42230,,,,
5.353544087155411,,,,,0.3074328203520282,,,,,43224,,,,,6.21933446427453,,,,,0.29980562774931807,,,,,40397,,,,,5.39501609181003,,,,,0.2843243731707774,,,,,42245,,,,
5.386137245551101,,,,,0.3045367548394715,,,,,43231,,,,,6.237853447646705,,,,,0.2995389716868279,,,,,40403,,,,,5.435533846173536,,,,,0.28214435381714775,,,,,42280,,,,
5.439493253948652,,,,,0.3012678958277535,,,,,43245,,,,,6.267764710551462,,,,,0.3007626913027186,,,,,40418,,,,,5.434936057374827,,,,,0.28150875044503093,,,,,42286,,,,
5.5345852487147535,,,,,0.2984668521749943,,,,,43267,,,,,6.3475729812153086,,,,,0.30103786340349864,,,,,40459,,,,,5.418831477030595,,,,,0.2831790999049641,,,,,42301,,,,
5.6144686378177555,,,,,0.2979196545856517,,,,,43281,,,,,6.360189370898959,,,,,0.3015289275957477,,,,,40467,,,,,5.403474359150185,,,,,0.2862039271268532,,,,,42308,,,,
5.754512148892884,,,,,0.2960817569055773,,,,,43316,,,,,6.3729674229989675,,,,,0.30277008813257067,,,,,40481,,,,,5.308003936490954,,,,,0.29651734657257633,,,,,42371,,,,
5.7894113425932385,,,,,0.2956996850443737,,,,,43322,,,,,6.3699941801503535,,,,,0.3043516730884518,,,,,40487,,,,,5.287449445903787,,,,,0.2961249978810968,,,,,42385,,,,
5.845752206730264,,,,,0.29864349647161875,,,,,43337,,,,,6.381190482084276,,,,,0.31167283695414477,,,,,40544,,,,,5.284991326773293,,,,,0.2925699221567398,,,,,42406,,,,
5.925806324212343,,,,,0.3068240934583003,,,,,43378,,,,,6.373978192837308,,,,,0.30968280897421324,,,,,40558,,,,,5.2893899032698215,,,,,0.2913292456356169,,,,,42413,,,,
5.937916381124557,,,,,0.30832953833408283,,,,,43400,,,,,6.349530311290188,,,,,0.30510811059086657,,,,,40593,,,,,5.320750010395042,,,,,0.2876851353172281,,,,,42437,,,,
5.945840822717024,,,,,0.31147970875147385,,,,,43413,,,,,6.3390382584725105,,,,,0.30119696274667135,,,,,40610,,,,,5.321252477378439,,,,,0.2877472998609343,,,,,42450,,,,
5.96729052249121,,,,,0.3245932000625887,,,,,43477,,,,,6.335647286531884,,,,,0.3013428924357584,,,,,40623,,,,,5.357178510669699,,,,,0.2872495309622614,,,,,42468,,,,
5.868114090263463,,,,,0.32526615721626717,,,,,43529,,,,,6.33573720789045,,,,,0.3025719934082524,,,,,40641,,,,,5.3615378674021485,,,,,0.289131517158392,,,,,42476,,,,
5.862113369662684,,,,,0.32542885521509735,,,,,43542,,,,,6.357262177880792,,,,,0.30366290771817717,,,,,40662,,,,,5.352041144490319,,,,,0.29351333995970985,,,,,42489,,,,
5.881599468064413,,,,,0.325245450761864,,,,,43567,,,,,6.360528447236261,,,,,0.30449746819262313,,,,,40669,,,,,5.348741490779633,,,,,0.2963853646403519,,,,,42496,,,,
5.925595142408019,,,,,0.3253327014746499,,,,,43588,,,,,6.380920669646622,,,,,0.3069099027719307,,,,,40683,,,,,5.340359367891672,,,,,0.30321483649565123,,,,,42510,,,,
5.930153290793635,,,,,0.3266914231679793,,,,,43595,,,,,6.366823840947929,,,,,0.31773636664861366,,,,,40712,,,,,5.4190211019308725,,,,,0.30760677200981557,,,,,42584,,,,
5.950410836341782,,,,,0.3363735282806612,,,,,43645,,,,,6.38289547828008,,,,,0.3252560552201118,,,,,40761,,,,,5.4204085977200736,,,,,0.3092705915387548,,,,,42594,,,,
5.9132367954087455,,,,,0.3375992082016478,,,,,43686,,,,,6.391839161455712,,,,,0.3252107259581957,,,,,40767,,,,,5.438872725265203,,,,,0.3122901661452289,,,,,42609,,,,
5.910376008385294,,,,,0.3395093056759134,,,,,43701,,,,,6.4250124055075455,,,,,0.3274983943158141,,,,,40782,,,,,5.49995965545549,,,,,0.3191798798540201,,,,,42644,,,,
5.938311336372411,,,,,0.34304673501606825,,,,,43736,,,,,6.544445524513563,,,,,0.3331985229288989,,,,,40845,,,,,5.507728128457288,,,,,0.3212694235310876,,,,,42650,,,,
5.943054030566607,,,,,0.3443750980038802,,,,,43742,,,,,6.553098149180885,,,,,0.33270822117490984,,,,,40852,,,,,5.7348314607054665,,,,,0.3181705687907553,,,,,42734,,,,
5.988683521581706,,,,,0.3555175771169601,,,,,43764,,,,,6.559629370924943,,,,,0.3258997084057518,,,,,40908,,,,,5.782827163807535,,,,,0.3125484052654597,,,,,42749,,,,
5.998705594929929,,,,,0.36475012727695505,,,,,43777,,,,,6.575774185531149,,,,,0.3218349566709422,,,,,40922,,,,,5.8471622266192504,,,,,0.3043428696410136,,,,,42791,,,,
6.1663478135089065,,,,,0.4193586539135681,,,,,43848,,,,,6.61682879339977,,,,,0.3155366669257032,,,,,40950,,,,,5.867123597277297,,,,,0.30258442678163533,,,,,42801,,,,
6.182148996767821,,,,,0.455079309802566,,,,,43883,,,,,6.626677244916698,,,,,0.31169745485697775,,,,,40964,,,,,5.899754696843493,,,,,0.3019745942958165,,,,,42814,,,,
,,,,,,,,,,,,,,,6.621597609728837,,,,,0.3103157670736586,,,,,40974,,,,,5.944047267409726,,,,,0.3039548001865136,,,,,42839,,,,
,,,,,,,,,,,,,,,6.595331089012049,,,,,0.31092032753906784,,,,,40987,,,,,5.952432016561216,,,,,0.3043239826271975,,,,,42847,,,,
,,,,,,,,,,,,,,,6.574653651509982,,,,,0.30276959255518204,,,,,41033,,,,,5.958730533206075,,,,,0.3052117560724973,,,,,42860,,,,
,,,,,,,,,,,,,,,6.5582293044973525,,,,,0.30171710175493,,,,,41040,,,,,5.954404915181255,,,,,0.30670424143149605,,,,,42867,,,,
,,,,,,,,,,,,,,,6.528608112858646,,,,,0.30050333720847433,,,,,41054,,,,,5.963883308733186,,,,,0.3104123835193843,,,,,42881,,,,
,,,,,,,,,,,,,,,6.492886630970061,,,,,0.30060620321394493,,,,,41069,,,,,5.9594428116362055,,,,,0.31688606609834824,,,,,42917,,,,
,,,,,,,,,,,,,,,6.474073278892713,,,,,0.30157406265802555,,,,,41083,,,,,5.967025627840181,,,,,0.3181709500393392,,,,,42952,,,,
,,,,,,,,,,,,,,,6.3794502142132705,,,,,0.3047703346538378,,,,,41113,,,,,5.976320921274206,,,,,0.31804242388793064,,,,,42958,,,,
,,,,,,,,,,,,,,,6.338274175544015,,,,,0.3093271104365987,,,,,41131,,,,,6.013586520440582,,,,,0.3194138413079419,,,,,42973,,,,
,,,,,,,,,,,,,,,6.2827874176232985,,,,,0.3143102449353577,,,,,41146,,,,,6.04822213362393,,,,,0.32588797401815417,,,,,43008,,,,
,,,,,,,,,,,,,,,6.16062745670289,,,,,0.32506511060277093,,,,,41187,,,,,6.046454526974143,,,,,0.3275702793445819,,,,,43014,,,,
,,,,,,,,,,,,,,,6.117502877227223,,,,,0.32884647601632355,,,,,41202,,,,,6.028483949049843,,,,,0.33907795952043995,,,,,43036,,,,
,,,,,,,,,,,,,,,5.917744185732619,,,,,0.32646962307960786,,,,,41286,,,,,6.065675994948789,,,,,0.3633189246934672,,,,,43113,,,,
,,,,,,,,,,,,,,,5.829355195996047,,,,,0.32177321829713085,,,,,41314,,,,,6.172870735998927,,,,,0.3559595663203329,,,,,43203,,,,
,,,,,,,,,,,,,,,5.802604018131411,,,,,0.3191734072170749,,,,,41328,,,,,6.1774172119351745,,,,,0.35364406361032324,,,,,43211,,,,
,,,,,,,,,,,,,,,5.78782593027549,,,,,0.3186450616792313,,,,,41338,,,,,6.179813956201351,,,,,0.3506739401472431,,,,,43224,,,,
,,,,,,,,,,,,,,,5.686885278500432,,,,,0.3082758136617169,,,,,41397,,,,,6.1907856518436715,,,,,0.34998927990916506,,,,,43231,,,,
,,,,,,,,,,,,,,,5.679386316112483,,,,,0.30540865814278734,,,,,41404,,,,,6.202991392261451,,,,,0.35036928377488613,,,,,43245,,,,
,,,,,,,,,,,,,,,5.646278740831746,,,,,0.3021965299278642,,,,,41419,,,,,6.21125357895979,,,,,0.3513107999652994,,,,,43281,,,,
,,,,,,,,,,,,,,,5.608773936565376,,,,,0.30210502685218094,,,,,41433,,,,,6.198971964193613,,,,,0.3559334648168439,,,,,43316,,,,
,,,,,,,,,,,,,,,5.57232830390193,,,,,0.30345939904999675,,,,,41447,,,,,6.168386835300765,,,,,0.36029984259061004,,,,,43337,,,,
,,,,,,,,,,,,,,,5.555969149535863,,,,,0.3038869722535732,,,,,41468,,,,,5.9913472424332745,,,,,0.36175055270265677,,,,,43477,,,,
,,,,,,,,,,,,,,,5.552737720056656,,,,,0.3050605939163715,,,,,41475,,,,,5.923795644176095,,,,,0.35140101201925555,,,,,43519,,,,
,,,,,,,,,,,,,,,5.571703360649472,,,,,0.3073980835101905,,,,,41495,,,,,5.921600511682249,,,,,0.34833741933732815,,,,,43529,,,,
,,,,,,,,,,,,,,,5.583702700232069,,,,,0.3090256411316694,,,,,41510,,,,,5.915482524405625,,,,,0.3408426049822241,,,,,43567,,,,
,,,,,,,,,,,,,,,5.6533222992043015,,,,,0.30807684464790347,,,,,41552,,,,,5.926234325901891,,,,,0.3397241342980779,,,,,43575,,,,
,,,,,,,,,,,,,,,5.691235836268259,,,,,0.3066022617499847,,,,,41566,,,,,5.957744117766937,,,,,0.3397636815920703,,,,,43588,,,,
,,,,,,,,,,,,,,,5.709502792139788,,,,,0.3074042348021364,,,,,41573,,,,,5.981809539825633,,,,,0.3410595861078004,,,,,43595,,,,
,,,,,,,,,,,,,,,5.83224255947384,,,,,0.30499398209150674,,,,,41635,,,,,6.09921008972834,,,,,0.3512138750939543,,,,,43645,,,,
,,,,,,,,,,,,,,,5.883276784858304,,,,,0.3031436433236064,,,,,41650,,,,,6.1519157007882805,,,,,0.36079543419710247,,,,,43680,,,,
,,,,,,,,,,,,,,,6.0037852706093195,,,,,0.29666179250945585,,,,,41692,,,,,6.158307092679052,,,,,0.3685773124729813,,,,,43701,,,,
,,,,,,,,,,,,,,,6.014439276683851,,,,,0.2945735493435874,,,,,41702,,,,,6.089464772166153,,,,,0.3998662967850752,,,,,43764,,,,
,,,,,,,,,,,,,,,6.031170836011157,,,,,0.2960995168156211,,,,,41715,,,,,6.082819164979143,,,,,0.4084449040212582,,,,,43777,,,,
,,,,,,,,,,,,,,,6.077291219944157,,,,,0.29829933935414393,,,,,41740,,,,,6.087220473611524,,,,,0.46861458913435616,,,,,43848,,,,
,,,,,,,,,,,,,,,6.084067951691467,,,,,0.3027260601529417,,,,,41768,,,,,6.109885191969097,,,,,0.5042712338644567,,,,,43883,,,,
,,,,,,,,,,,,,,,6.1075055593181204,,,,,0.30233539412551624,,,,,41783,,,,,,,,,,,,,,,,,,,
,,,,,,,,,,,,,,,6.142640784475756,,,,,0.3022310508526441,,,,,41797,,,,,,,,,,,,,,,,,,,
,,,,,,,,,,,,,,,6.172181810593034,,,,,0.30355684941204747,,,,,41811,,,,,,,,,,,,,,,,,,,
,,,,,,,,,,,,,,,6.244181754217855,,,,,0.30475842781949203,,,,,41853,,,,,,,,,,,,,,,,,,,
,,,,,,,,,,,,,,,6.257445553751732,,,,,0.3050510225736377,,,,,41859,,,,,,,,,,,,,,,,,,,
,,,,,,,,,,,,,,,6.265632722119403,,,,,0.30911406059532054,,,,,41874,,,,,,,,,,,,,,,,,,,
,,,,,,,,,,,,,,,6.311565353138356,,,,,0.3191020258564354,,,,,41915,,,,,,,,,,,,,,,,,,,
,,,,,,,,,,,,,,,6.3077794373783345,,,,,0.32203157335382193,,,,,41930,,,,,,,,,,,,,,,,,,,
,,,,,,,,,,,,,,,6.300217152326407,,,,,0.3242576061103534,,,,,41937,,,,,,,,,,,,,,,,,,,
,,,,,,,,,,,,,,,6.298318653923357,,,,,0.3298979809037295,,,,,42006,,,,,,,,,,,,,,,,,,,
,,,,,,,,,,,,,,,6.287279028237074,,,,,0.3269464837819909,,,,,42021,,,,,,,,,,,,,,,,,,,
,,,,,,,,,,,,,,,6.322908524058204,,,,,0.3182049795097857,,,,,42056,,,,,,,,,,,,,,,,,,,
,,,,,,,,,,,,,,,6.323652290056409,,,,,0.31411890189612257,,,,,42073,,,,,,,,,,,,,,,,,,,
,,,,,,,,,,,,,,,6.320632810402134,,,,,0.3107916610449005,,,,,42104,,,,,,,,,,,,,,,,,,,
,,,,,,,,,,,,,,,6.33525947159433,,,,,0.30750738547963735,,,,,42119,,,,,,,,,,,,,,,,,,,
,,,,,,,,,,,,,,,6.336925710501412,,,,,0.30656965843249995,,,,,42125,,,,,,,,,,,,,,,,,,,
,,,,,,,,,,,,,,,6.348815454492174,,,,,0.30578150227015866,,,,,42132,,,,,,,,,,,,,,,,,,,
,,,,,,,,,,,,,,,6.349727269909557,,,,,0.3081703974715742,,,,,42146,,,,,,,,,,,,,,,,,,,
,,,,,,,,,,,,,,,6.35560103706805,,,,,0.312737682350727,,,,,42168,,,,,,,,,,,,,,,,,,,
,,,,,,,,,,,,,,,6.35173149984004,,,,,0.3146884020759081,,,,,42182,,,,,,,,,,,,,,,,,,,
,,,,,,,,,,,,,,,6.2943715723732305,,,,,0.3216699201449186,,,,,42230,,,,,,,,,,,,,,,,,,,
,,,,,,,,,,,,,,,6.246161079460931,,,,,0.3240145068605351,,,,,42245,,,,,,,,,,,,,,,,,,,
,,,,,,,,,,,,,,,6.087320867431466,,,,,0.3347038134537041,,,,,42286,,,,,,,,,,,,,,,,,,,
,,,,,,,,,,,,,,,6.062593189540435,,,,,0.33652216569415644,,,,,42301,,,,,,,,,,,,,,,,,,,
,,,,,,,,,,,,,,,6.042889911761826,,,,,0.33887296119003285,,,,,42308,,,,,,,,,,,,,,,,,,,
,,,,,,,,,,,,,,,5.952594576086383,,,,,0.3505597490479918,,,,,42371,,,,,,,,,,,,,,,,,,,
,,,,,,,,,,,,,,,5.940335809221438,,,,,0.35234370575200913,,,,,42385,,,,,,,,,,,,,,,,,,,
,,,,,,,,,,,,,,,5.812433851573749,,,,,0.3637523607443791,,,,,42468,,,,,,,,,,,,,,,,,,,
,,,,,,,,,,,,,,,5.780700358830032,,,,,0.3636802127274895,,,,,42496,,,,,,,,,,,,,,,,,,,
,,,,,,,,,,,,,,,5.753304634617125,,,,,0.3638094139248601,,,,,42525,,,,,,,,,,,,,,,,,,,
,,,,,,,,,,,,,,,5.756371594366088,,,,,0.3646848101609505,,,,,42532,,,,,,,,,,,,,,,,,,,
,,,,,,,,,,,,,,,5.776206023349886,,,,,0.36954291353546687,,,,,42546,,,,,,,,,,,,,,,,,,,
,,,,,,,,,,,,,,,6.082869302976356,,,,,0.374519928544484,,,,,42749,,,,,,,,,,,,,,,,,,,
,,,,,,,,,,,,,,,6.082697016032494,,,,,0.3589960162030551,,,,,42791,,,,,,,,,,,,,,,,,,,
,,,,,,,,,,,,,,,6.10402801719412,,,,,0.35528501344474506,,,,,42801,,,,,,,,,,,,,,,,,,,
,,,,,,,,,,,,,,,6.11333192708365,,,,,0.3543369070256522,,,,,42814,,,,,,,,,,,,,,,,,,,
,,,,,,,,,,,,,,,6.043990245101996,,,,,0.3494410768571912,,,,,42896,,,,,,,,,,,,,,,,,,,
,,,,,,,,,,,,,,,6.053003089100041,,,,,0.34728313491664176,,,,,42903,,,,,,,,,,,,,,,,,,,
,,,,,,,,,,,,,,,6.05838057880714,,,,,0.3455417788922491,,,,,42917,,,,,,,,,,,,,,,,,,,
,,,,,,,,,,,,,,,6.026438684816395,,,,,0.34609907521823025,,,,,42952,,,,,,,,,,,,,,,,,,,
,,,,,,,,,,,,,,,6.024635027324211,,,,,0.34770859674808297,,,,,42973,,,,,,,,,,,,,,,,,,,
,,,,,,,,,,,,,,,6.0564491057535985,,,,,0.3510761814075233,,,,,43014,,,,,,,,,,,,,,,,,,,
,,,,,,,,,,,,,,,6.0475478398235065,,,,,0.3537241892631477,,,,,43029,,,,,,,,,,,,,,,,,,,
,,,,,,,,,,,,,,,5.9260886163815,,,,,0.3537518801382573,,,,,43113,,,,,,,,,,,,,,,,,,,
,,,,,,,,,,,,,,,5.850852653238328,,,,,0.3508463191284639,,,,,43141,,,,,,,,,,,,,,,,,,,
,,,,,,,,,,,,,,,5.769676933518187,,,,,0.34807633733709176,,,,,43165,,,,,,,,,,,,,,,,,,,
,,,,,,,,,,,,,,,5.72834884127419,,,,,0.34968859972524274,,,,,43178,,,,,,,,,,,,,,,,,,,
,,,,,,,,,,,,,,,5.619448454699067,,,,,0.3364772381427508,,,,,43260,,,,,,,,,,,,,,,,,,,
,,,,,,,,,,,,,,,5.604129698706367,,,,,0.3338304673388446,,,,,43267,,,,,,,,,,,,,,,,,,,
,,,,,,,,,,,,,,,5.5865174599377765,,,,,0.3314393648384385,,,,,43281,,,,,,,,,,,,,,,,,,,
,,,,,,,,,,,,,,,5.5648047138101635,,,,,0.3239713314061863,,,,,43322,,,,,,,,,,,,,,,,,,,
,,,,,,,,,,,,,,,5.5562175858106615,,,,,0.321692132875141,,,,,43337,,,,,,,,,,,,,,,,,,,
,,,,,,,,,,,,,,,5.581823016805325,,,,,0.31447716395962855,,,,,43378,,,,,,,,,,,,,,,,,,,
,,,,,,,,,,,,,,,5.5944369609269,,,,,0.3123738116159157,,,,,43393,,,,,,,,,,,,,,,,,,,
,,,,,,,,,,,,,,,5.592741913250704,,,,,0.31237504473228184,,,,,43400,,,,,,,,,,,,,,,,,,,
,,,,,,,,,,,,,,,5.587461180870752,,,,,0.3150637976900429,,,,,43413,,,,,,,,,,,,,,,,,,,
,,,,,,,,,,,,,,,5.66304461750159,,,,,0.32648634876695093,,,,,43477,,,,,,,,,,,,,,,,,,,
,,,,,,,,,,,,,,,5.745519318620916,,,,,0.3198369941855635,,,,,43519,,,,,,,,,,,,,,,,,,,
,,,,,,,,,,,,,,,5.755137251669887,,,,,0.31791031585434865,,,,,43529,,,,,,,,,,,,,,,,,,,
,,,,,,,,,,,,,,,5.766424673414869,,,,,0.31962997674205135,,,,,43542,,,,,,,,,,,,,,,,,,,
,,,,,,,,,,,,,,,5.734256339683163,,,,,0.32815252785762733,,,,,43588,,,,,,,,,,,,,,,,,,,
,,,,,,,,,,,,,,,5.7301041964175266,,,,,0.3291455041305074,,,,,43595,,,,,,,,,,,,,,,,,,,
,,,,,,,,,,,,,,,5.713139861702602,,,,,0.3355773201635835,,,,,43631,,,,,,,,,,,,,,,,,,,
,,,,,,,,,,,,,,,5.6910704659859706,,,,,0.3383576036519879,,,,,43645,,,,,,,,,,,,,,,,,,,
,,,,,,,,,,,,,,,5.599820466211938,,,,,0.3517773715813631,,,,,43686,,,,,,,,,,,,,,,,,,,
,,,,,,,,,,,,,,,5.585423971758386,,,,,0.35542515546304426,,,,,43701,,,,,,,,,,,,,,,,,,,
,,,,,,,,,,,,,,,5.578538005911858,,,,,0.37127028332428325,,,,,43742,,,,,,,,,,,,,,,,,,,
,,,,,,,,,,,,,,,5.587656675805727,,,,,0.3780964833334002,,,,,43757,,,,,,,,,,,,,,,,,,,
,,,,,,,,,,,,,,,5.572774629786356,,,,,0.3923306820425436,,,,,43777,,,,,,,,,,,,,,,,,,,
,,,,,,,,,,,,,,,5.5926703477813415,,,,,0.46437422027350284,,,,,43848,,,,,,,,,,,,,,,,,,,
